"ID","TabID","TierID","ColumnIndex","SpellRank_1","SpellRank_2","SpellRank_3","SpellRank_4","SpellRank_5","SpellRank_6","SpellRank_7","SpellRank_8","SpellRank_9","PrereqTalent_1","PrereqTalent_2","PrereqTalent_3","PrereqRank_1","PrereqRank_2","PrereqRank_3","Flags","RequiredSpellID","CategoryMask_1","CategoryMask_2"
"4541","0","0","0","706639","0","0","0","0","0","0","0","0","0","0","0","0","0","0","0","0","0","0"
"5195","0","0","0","503570","806608","0","0","0","0","0","0","0","0","0","0","0","0","0","0","0","0","0"
"5474","0","0","0","560013","560852","0","0","0","0","0","0","0","0","0","0","0","0","0","0","0","0","0"
"5961","0","0","0","706312","0","0","0","0","0","0","0","0","0","0","0","0","0","0","0","0","0","0"
"5962","0","0","0","300523","706313","0","0","0","0","0","0","0","0","0","0","0","0","0","0","0","0","0"
"5963","0","0","0","705260","706316","0","0","0","0","0","0","0","0","0","0","0","0","0","0","0","0","0"
"5964","0","0","0","706320","0","0","0","0","0","0","0","0","0","0","0","0","0","0","0","0","0","0"
"5965","0","0","0","706318","0","0","0","0","0","0","0","0","0","0","0","0","0","0","0","0","0","0"
"5966","0","0","0","706326","706327","0","0","0","0","0","0","0","0","0","0","0","0","0","0","0","0","0"
"5967","0","0","0","706329","706330","0","0","0","0","0","0","0","0","0","0","0","0","0","0","0","0","0"
"5968","0","0","0","706323","706324","0","0","0","0","0","0","0","0","0","0","0","0","0","0","0","0","0"
"5969","0","0","0","706334","0","0","0","0","0","0","0","0","0","0","0","0","0","0","0","0","0","0"
"5971","0","0","0","705176","706348","0","0","0","0","0","0","0","0","0","0","0","0","0","0","0","0","0"
"5972","0","0","0","706350","706351","0","0","0","0","0","0","0","0","0","0","0","0","0","0","0","0","0"
"5973","0","0","0","706346","706347","0","0","0","0","0","0","0","0","0","0","0","0","0","0","0","0","0"
"5974","0","0","0","706340","0","0","0","0","0","0","0","0","0","0","0","0","0","0","0","0","0","0"
"5975","0","0","0","706357","0","0","0","0","0","0","0","0","0","0","0","0","0","0","0","0","0","0"
"5976","0","0","0","706361","706362","0","0","0","0","0","0","0","0","0","0","0","0","0","0","0","0","0"
"5977","0","0","0","706363","0","0","0","0","0","0","0","0","0","0","0","0","0","0","0","0","0","0"
"5978","0","0","0","706368","0","0","0","0","0","0","0","0","0","0","0","0","0","0","0","0","0","0"
"5979","0","0","0","706372","706373","0","0","0","0","0","0","0","0","0","0","0","0","0","0","0","0","0"
"5980","0","0","0","706370","0","0","0","0","0","0","0","0","0","0","0","0","0","0","0","0","0","0"
"5981","0","0","0","706375","0","0","0","0","0","0","0","0","0","0","0","0","0","0","0","0","0","0"
"5983","0","0","0","706382","706383","0","0","0","0","0","0","0","0","0","0","0","0","0","0","0","0","0"
"7048","0","0","0","704812","707803","0","0","0","0","0","0","0","0","0","0","0","0","0","0","0","0","0"
"7891","0","0","0","706674","0","0","0","0","0","0","0","0","0","0","0","0","0","0","0","0","0","0"
"7949","0","0","0","801226","0","0","0","0","0","0","0","0","0","0","0","0","0","0","0","0","0","0"
"8744","0","0","0","300708","520569","0","0","0","0","0","0","0","0","0","0","0","0","0","0","0","0","0"
"8747","0","0","0","705517","680246","0","0","0","0","0","0","0","0","0","0","0","0","0","0","0","0","0"
"9347","0","0","0","504459","504636","0","0","0","0","0","0","0","0","0","0","0","0","0","0","0","0","0"
"10000","0","0","0","273663","273664","273665","273666","0","0","0","0","0","0","0","0","0","0","0","0","0","0","0"
"10001","0","0","0","278700","278701","278702","0","0","0","0","0","0","0","0","0","0","0","0","0","0","0","0"
"10002","0","0","0","278703","278704","278705","0","0","0","0","0","0","0","0","0","0","0","0","0","0","0","0"
"10003","0","0","0","278706","278707","278708","0","0","0","0","0","0","0","0","0","0","0","0","0","0","0","0"
"10004","0","0","0","278709","278710","278711","0","0","0","0","0","0","0","0","0","0","0","0","0","0","0","0"
"10005","0","0","0","278712","278713","278714","0","0","0","0","0","0","0","0","0","0","0","0","0","0","0","0"
"10006","0","0","0","278715","278716","278717","0","0","0","0","0","0","0","0","0","0","0","0","0","0","0","0"
"10007","0","0","0","278718","278719","278720","0","0","0","0","0","0","0","0","0","0","0","0","0","0","0","0"
"20001","0","0","0","272320","272324","272325","272326","0","0","0","0","0","0","0","0","0","0","0","0","0","0","0"
"20002","0","0","0","1153481","1153482","0","0","0","0","0","0","0","0","0","0","0","0","0","0","0","0","0"
"20003","0","0","0","1153175","1153176","0","0","0","0","0","0","0","0","0","0","0","0","0","0","0","0","0"
"20004","0","0","0","1153178","1153179","0","0","0","0","0","0","0","0","0","0","0","0","0","0","0","0","0"
"20005","0","0","0","1153450","1153451","0","0","0","0","0","0","0","0","0","0","0","0","0","0","0","0","0"
"20006","0","0","0","1162764","1162765","0","0","0","0","0","0","0","0","0","0","0","0","0","0","0","0","0"
"20007","0","0","0","1161682","1161683","0","0","0","0","0","0","0","0","0","0","0","0","0","0","0","0","0"
"20008","0","0","0","1161686","1161687","1161688","0","0","0","0","0","0","0","0","0","0","0","0","0","0","0","0"
"20009","0","0","0","1161689","1161690","0","0","0","0","0","0","0","0","0","0","0","0","0","0","0","0","0"
"20010","0","0","0","1153180","1153181","0","0","0","0","0","0","0","0","0","0","0","0","0","0","0","0","0"
"20011","0","0","0","1153186","1153187","0","0","0","0","0","0","0","0","0","0","0","0","0","0","0","0","0"
"20012","0","0","0","1153182","1153183","1153184","0","0","0","0","0","0","0","0","0","0","0","0","0","0","0","0"
"20013","0","0","0","1161680","1161681","1152858","0","0","0","0","0","0","0","0","0","0","0","0","0","0","0","0"
"20014","0","0","0","1153409","1153411","0","0","0","0","0","0","0","0","0","0","0","0","0","0","0","0","0"
"20015","0","0","0","1153203","1153204","1153205","0","0","0","0","0","0","0","0","0","0","0","0","0","0","0","0"
"20016","0","0","0","1153427","1153429","1153430","0","0","0","0","0","0","0","0","0","0","0","0","0","0","0","0"
"20017","0","0","0","1162759","1162760","0","0","0","0","0","0","0","0","0","0","0","0","0","0","0","0","0"
"20018","0","0","0","1162758","1162762","0","0","0","0","0","0","0","0","0","0","0","0","0","0","0","0","0"
"20019","0","0","0","1153483","1153485","0","0","0","0","0","0","0","0","0","0","0","0","0","0","0","0","0"
"20020","0","0","0","1153554","1153555","0","0","0","0","0","0","0","0","0","0","0","0","0","0","0","0","0"
"20021","0","0","0","1153514","1153516","0","0","0","0","0","0","0","0","0","0","0","0","0","0","0","0","0"
"20022","0","0","0","1152234","1153497","0","0","0","0","0","0","0","0","0","0","0","0","0","0","0","0","0"
"20023","0","0","0","1153511","1153512","0","0","0","0","0","0","0","0","0","0","0","0","0","0","0","0","0"
"26964","0","0","0","804606","704826","0","0","0","0","0","0","0","0","0","0","0","0","0","0","0","0","0"
"26965","0","0","0","804863","0","0","0","0","0","0","0","0","0","0","0","0","0","0","0","0","0","0"
"26966","0","0","0","806321","0","0","0","0","0","0","0","0","0","0","0","0","0","0","0","0","0","0"
"26967","0","0","0","705351","0","0","0","0","0","0","0","0","0","0","0","0","0","0","0","0","0","0"
"26968","0","0","0","704558","0","0","0","0","0","0","0","0","0","0","0","0","0","0","0","0","0","0"
"26969","0","0","0","704599","704600","0","0","0","0","0","0","0","0","0","0","0","0","0","0","0","0","0"
"26970","0","0","0","704618","0","0","0","0","0","0","0","0","0","0","0","0","0","0","0","0","0","0"
"26971","0","0","0","704627","704628","0","0","0","0","0","0","0","0","0","0","0","0","0","0","0","0","0"
"26972","0","0","0","704642","0","0","0","0","0","0","0","0","0","0","0","0","0","0","0","0","0","0"
"26973","0","0","0","704654","0","0","0","0","0","0","0","0","0","0","0","0","0","0","0","0","0","0"
"26974","0","0","0","704662","0","0","0","0","0","0","0","0","0","0","0","0","0","0","0","0","0","0"
"26975","0","0","0","704657","704658","0","0","0","0","0","0","0","0","0","0","0","0","0","0","0","0","0"
"26976","0","0","0","704648","0","0","0","0","0","0","0","0","0","0","0","0","0","0","0","0","0","0"
"26978","0","0","0","704687","704688","0","0","0","0","0","0","0","0","0","0","0","0","0","0","0","0","0"
"26979","0","0","0","704709","704710","0","0","0","0","0","0","0","0","0","0","0","0","0","0","0","0","0"
"26980","0","0","0","704715","704716","0","0","0","0","0","0","0","0","0","0","0","0","0","0","0","0","0"
"26981","0","0","0","704718","704719","0","0","0","0","0","0","0","0","0","0","0","0","0","0","0","0","0"
"26982","0","0","0","704733","0","0","0","0","0","0","0","0","0","0","0","0","0","0","0","0","0","0"
"26983","0","0","0","704745","0","0","0","0","0","0","0","0","0","0","0","0","0","0","0","0","0","0"
"26984","0","0","0","704766","704767","0","0","0","0","0","0","0","0","0","0","0","0","0","0","0","0","0"
"26985","0","0","0","704769","0","0","0","0","0","0","0","0","0","0","0","0","0","0","0","0","0","0"
"26986","0","0","0","704603","704605","0","0","0","0","0","0","0","0","0","0","0","0","0","0","0","0","0"
"26987","0","0","0","704807","704808","0","0","0","0","0","0","0","0","0","0","0","0","0","0","0","0","0"
"26988","0","0","0","704810","704811","0","0","0","0","0","0","0","0","0","0","0","0","0","0","0","0","0"
"26989","0","0","0","704820","704821","0","0","0","0","0","0","0","0","0","0","0","0","0","0","0","0","0"
"26990","0","0","0","704800","704802","0","0","0","0","0","0","0","0","0","0","0","0","0","0","0","0","0"
"26991","0","0","0","704842","704843","0","0","0","0","0","0","0","0","0","0","0","0","0","0","0","0","0"
"26992","0","0","0","704837","704838","0","0","0","0","0","0","0","0","0","0","0","0","0","0","0","0","0"
"26993","0","0","0","704829","0","0","0","0","0","0","0","0","0","0","0","0","0","0","0","0","0","0"
"26994","0","0","0","704833","704834","704835","0","0","0","0","0","0","0","0","0","0","0","0","0","0","0","0"
"26995","0","0","0","704856","0","0","0","0","0","0","0","0","0","0","0","0","0","0","0","0","0","0"
"26996","0","0","0","704848","704853","0","0","0","0","0","0","0","0","0","0","0","0","0","0","0","0","0"
"26997","0","0","0","704864","0","0","0","0","0","0","0","0","0","0","0","0","0","0","0","0","0","0"
"26998","0","0","0","704868","0","0","0","0","0","0","0","0","0","0","0","0","0","0","0","0","0","0"
"26999","0","0","0","300309","0","0","0","0","0","0","0","0","0","0","0","0","0","0","0","0","0","0"
"27000","0","0","0","704878","704879","0","0","0","0","0","0","0","0","0","0","0","0","0","0","0","0","0"
"27001","0","0","0","704893","0","0","0","0","0","0","0","0","0","0","0","0","0","0","0","0","0","0"
"27002","0","0","0","704895","0","0","0","0","0","0","0","0","0","0","0","0","0","0","0","0","0","0"
"27003","0","0","0","300324","300329","0","0","0","0","0","0","0","0","0","0","0","0","0","0","0","0","0"
"27004","0","0","0","704913","704914","0","0","0","0","0","0","0","0","0","0","0","0","0","0","0","0","0"
"27005","0","0","0","704908","0","0","0","0","0","0","0","0","0","0","0","0","0","0","0","0","0","0"
"27006","0","0","0","704904","0","0","0","0","0","0","0","0","0","0","0","0","0","0","0","0","0","0"
"27007","0","0","0","704925","704927","0","0","0","0","0","0","0","0","0","0","0","0","0","0","0","0","0"
"27008","0","0","0","704921","0","0","0","0","0","0","0","0","0","0","0","0","0","0","0","0","0","0"
"27009","0","0","0","704949","704950","0","0","0","0","0","0","0","0","0","0","0","0","0","0","0","0","0"
"27010","0","0","0","704945","0","0","0","0","0","0","0","0","0","0","0","0","0","0","0","0","0","0"
"27011","0","0","0","704954","0","0","0","0","0","0","0","0","0","0","0","0","0","0","0","0","0","0"
"27012","0","0","0","300377","0","0","0","0","0","0","0","0","0","0","0","0","0","0","0","0","0","0"
"27013","0","0","0","300380","300381","0","0","0","0","0","0","0","0","0","0","0","0","0","0","0","0","0"
"27014","0","0","0","704967","0","0","0","0","0","0","0","0","0","0","0","0","0","0","0","0","0","0"
"27015","0","0","0","300454","300455","0","0","0","0","0","0","0","0","0","0","0","0","0","0","0","0","0"
"27016","0","0","0","704994","0","0","0","0","0","0","0","0","0","0","0","0","0","0","0","0","0","0"
"27017","0","0","0","704997","704998","0","0","0","0","0","0","0","0","0","0","0","0","0","0","0","0","0"
"27018","0","0","0","705005","0","0","0","0","0","0","0","0","0","0","0","0","0","0","0","0","0","0"
"27019","0","0","0","705010","705011","0","0","0","0","0","0","0","0","0","0","0","0","0","0","0","0","0"
"27020","0","0","0","705016","0","0","0","0","0","0","0","0","0","0","0","0","0","0","0","0","0","0"
"27021","0","0","0","705034","0","0","0","0","0","0","0","0","0","0","0","0","0","0","0","0","0","0"
"27022","0","0","0","705036","705037","0","0","0","0","0","0","0","0","0","0","0","0","0","0","0","0","0"
"27023","0","0","0","705039","705040","0","0","0","0","0","0","0","0","0","0","0","0","0","0","0","0","0"
"27024","0","0","0","705053","0","0","0","0","0","0","0","0","0","0","0","0","0","0","0","0","0","0"
"27025","0","0","0","705055","0","0","0","0","0","0","0","0","0","0","0","0","0","0","0","0","0","0"
"27026","0","0","0","705062","0","0","0","0","0","0","0","0","0","0","0","0","0","0","0","0","0","0"
"27027","0","0","0","705067","0","0","0","0","0","0","0","0","0","0","0","0","0","0","0","0","0","0"
"27028","0","0","0","705072","705073","0","0","0","0","0","0","0","0","0","0","0","0","0","0","0","0","0"
"27029","0","0","0","705077","705078","0","0","0","0","0","0","0","0","0","0","0","0","0","0","0","0","0"
"27030","0","0","0","705090","705091","0","0","0","0","0","0","0","0","0","0","0","0","0","0","0","0","0"
"27031","0","0","0","705096","705097","0","0","0","0","0","0","0","0","0","0","0","0","0","0","0","0","0"
"27032","0","0","0","705106","705107","0","0","0","0","0","0","0","0","0","0","0","0","0","0","0","0","0"
"27033","0","0","0","705114","705113","0","0","0","0","0","0","0","0","0","0","0","0","0","0","0","0","0"
"27035","0","0","0","705127","705128","0","0","0","0","0","0","0","0","0","0","0","0","0","0","0","0","0"
"27036","0","0","0","300487","300488","0","0","0","0","0","0","0","0","0","0","0","0","0","0","0","0","0"
"27038","0","0","0","705139","0","0","0","0","0","0","0","0","0","0","0","0","0","0","0","0","0","0"
"27039","0","0","0","801894","0","0","0","0","0","0","0","0","0","0","0","0","0","0","0","0","0","0"
"27040","0","0","0","704375","705151","0","0","0","0","0","0","0","0","0","0","0","0","0","0","0","0","0"
"27041","0","0","0","705153","0","0","0","0","0","0","0","0","0","0","0","0","0","0","0","0","0","0"
"27042","0","0","0","705159","0","0","0","0","0","0","0","0","0","0","0","0","0","0","0","0","0","0"
"27043","0","0","0","300505","0","0","0","0","0","0","0","0","0","0","0","0","0","0","0","0","0","0"
"27044","0","0","0","705169","705170","0","0","0","0","0","0","0","0","0","0","0","0","0","0","0","0","0"
"27045","0","0","0","705171","705172","0","0","0","0","0","0","0","0","0","0","0","0","0","0","0","0","0"
"27046","0","0","0","705174","705175","0","0","0","0","0","0","0","0","0","0","0","0","0","0","0","0","0"
"27047","0","0","0","705184","705185","0","0","0","0","0","0","0","0","0","0","0","0","0","0","0","0","0"
"27048","0","0","0","705191","0","0","0","0","0","0","0","0","0","0","0","0","0","0","0","0","0","0"
"27049","0","0","0","705206","705207","0","0","0","0","0","0","0","0","0","0","0","0","0","0","0","0","0"
"27050","0","0","0","705209","0","0","0","0","0","0","0","0","0","0","0","0","0","0","0","0","0","0"
"27051","0","0","0","705214","0","0","0","0","0","0","0","0","0","0","0","0","0","0","0","0","0","0"
"27052","0","0","0","705224","705225","0","0","0","0","0","0","0","0","0","0","0","0","0","0","0","0","0"
"27053","0","0","0","705227","0","0","0","0","0","0","0","0","0","0","0","0","0","0","0","0","0","0"
"27054","0","0","0","705240","0","0","0","0","0","0","0","0","0","0","0","0","0","0","0","0","0","0"
"27055","0","0","0","705250","705251","0","0","0","0","0","0","0","0","0","0","0","0","0","0","0","0","0"
"27056","0","0","0","705255","0","0","0","0","0","0","0","0","0","0","0","0","0","0","0","0","0","0"
"27057","0","0","0","705262","705263","0","0","0","0","0","0","0","0","0","0","0","0","0","0","0","0","0"
"27058","0","0","0","705267","705268","0","0","0","0","0","0","0","0","0","0","0","0","0","0","0","0","0"
"27059","0","0","0","705269","705270","0","0","0","0","0","0","0","0","0","0","0","0","0","0","0","0","0"
"27060","0","0","0","705264","705265","0","0","0","0","0","0","0","0","0","0","0","0","0","0","0","0","0"
"27061","0","0","0","300528","300529","0","0","0","0","0","0","0","0","0","0","0","0","0","0","0","0","0"
"27062","0","0","0","300530","0","0","0","0","0","0","0","0","0","0","0","0","0","0","0","0","0","0"
"27063","0","0","0","705310","705311","0","0","0","0","0","0","0","0","0","0","0","0","0","0","0","0","0"
"27064","0","0","0","705318","0","0","0","0","0","0","0","0","0","0","0","0","0","0","0","0","0","0"
"27065","0","0","0","705321","705322","0","0","0","0","0","0","0","0","0","0","0","0","0","0","0","0","0"
"27066","0","0","0","705325","705326","0","0","0","0","0","0","0","0","0","0","0","0","0","0","0","0","0"
"27067","0","0","0","705329","0","0","0","0","0","0","0","0","0","0","0","0","0","0","0","0","0","0"
"27068","0","0","0","705339","705340","0","0","0","0","0","0","0","0","0","0","0","0","0","0","0","0","0"
"27069","0","0","0","705352","705353","0","0","0","0","0","0","0","0","0","0","0","0","0","0","0","0","0"
"27070","0","0","0","705354","0","0","0","0","0","0","0","0","0","0","0","0","0","0","0","0","0","0"
"27071","0","0","0","705356","0","0","0","0","0","0","0","0","0","0","0","0","0","0","0","0","0","0"
"27072","0","0","0","705358","0","0","0","0","0","0","0","0","0","0","0","0","0","0","0","0","0","0"
"27073","0","0","0","705360","707825","0","0","0","0","0","0","0","0","0","0","0","0","0","0","0","0","0"
"27074","0","0","0","705368","0","0","0","0","0","0","0","0","0","0","0","0","0","0","0","0","0","0"
"27075","0","0","0","705374","705375","0","0","0","0","0","0","0","0","0","0","0","0","0","0","0","0","0"
"27076","0","0","0","705379","705380","0","0","0","0","0","0","0","0","0","0","0","0","0","0","0","0","0"
"27077","0","0","0","300531","300532","0","0","0","0","0","0","0","0","0","0","0","0","0","0","0","0","0"
"27078","0","0","0","300541","0","0","0","0","0","0","0","0","0","0","0","0","0","0","0","0","0","0"
"27079","0","0","0","300543","300544","0","0","0","0","0","0","0","0","0","0","0","0","0","0","0","0","0"
"27080","0","0","0","705386","0","0","0","0","0","0","0","0","0","0","0","0","0","0","0","0","0","0"
"27081","0","0","0","705390","705391","0","0","0","0","0","0","0","0","0","0","0","0","0","0","0","0","0"
"27082","0","0","0","705393","705394","0","0","0","0","0","0","0","0","0","0","0","0","0","0","0","0","0"
"27083","0","0","0","705396","0","0","0","0","0","0","0","0","0","0","0","0","0","0","0","0","0","0"
"27084","0","0","0","705407","705408","0","0","0","0","0","0","0","0","0","0","0","0","0","0","0","0","0"
"27085","0","0","0","705411","705412","0","0","0","0","0","0","0","0","0","0","0","0","0","0","0","0","0"
"27086","0","0","0","705414","705415","0","0","0","0","0","0","0","0","0","0","0","0","0","0","0","0","0"
"27087","0","0","0","705418","0","0","0","0","0","0","0","0","0","0","0","0","0","0","0","0","0","0"
"27088","0","0","0","705437","0","0","0","0","0","0","0","0","0","0","0","0","0","0","0","0","0","0"
"27090","0","0","0","705444","0","0","0","0","0","0","0","0","0","0","0","0","0","0","0","0","0","0"
"27091","0","0","0","705453","705454","0","0","0","0","0","0","0","0","0","0","0","0","0","0","0","0","0"
"27092","0","0","0","705465","0","0","0","0","0","0","0","0","0","0","0","0","0","0","0","0","0","0"
"27093","0","0","0","705468","705469","0","0","0","0","0","0","0","0","0","0","0","0","0","0","0","0","0"
"27094","0","0","0","705456","0","0","0","0","0","0","0","0","0","0","0","0","0","0","0","0","0","0"
"27095","0","0","0","705475","0","0","0","0","0","0","0","0","0","0","0","0","0","0","0","0","0","0"
"27096","0","0","0","300574","705481","0","0","0","0","0","0","0","0","0","0","0","0","0","0","0","0","0"
"27097","0","0","0","705484","705485","0","0","0","0","0","0","0","0","0","0","0","0","0","0","0","0","0"
"27098","0","0","0","705487","705488","0","0","0","0","0","0","0","0","0","0","0","0","0","0","0","0","0"
"27099","0","0","0","705493","705494","0","0","0","0","0","0","0","0","0","0","0","0","0","0","0","0","0"
"27100","0","0","0","705503","0","0","0","0","0","0","0","0","0","0","0","0","0","0","0","0","0","0"
"27101","0","0","0","705508","705509","0","0","0","0","0","0","0","0","0","0","0","0","0","0","0","0","0"
"27102","0","0","0","705512","707863","705512","0","0","0","0","0","0","0","0","0","0","0","0","0","0","0","0"
"27103","0","0","0","705514","0","0","0","0","0","0","0","0","0","0","0","0","0","0","0","0","0","0"
"27104","0","0","0","705517","0","0","0","0","0","0","0","0","0","0","0","0","0","0","0","0","0","0"
"27105","0","0","0","705520","0","0","0","0","0","0","0","0","0","0","0","0","0","0","0","0","0","0"
"27106","0","0","0","705521","705522","0","0","0","0","0","0","0","0","0","0","0","0","0","0","0","0","0"
"27107","0","0","0","705541","0","0","0","0","0","0","0","0","0","0","0","0","0","0","0","0","0","0"
"27108","0","0","0","705543","0","0","0","0","0","0","0","0","0","0","0","0","0","0","0","0","0","0"
"27109","0","0","0","300576","705548","0","0","0","0","0","0","0","0","0","0","0","0","0","0","0","0","0"
"27110","0","0","0","705551","0","0","0","0","0","0","0","0","0","0","0","0","0","0","0","0","0","0"
"27111","0","0","0","705554","0","0","0","0","0","0","0","0","0","0","0","0","0","0","0","0","0","0"
"27112","0","0","0","705556","0","0","0","0","0","0","0","0","0","0","0","0","0","0","0","0","0","0"
"27113","0","0","0","705570","705571","0","0","0","0","0","0","0","0","0","0","0","0","0","0","0","0","0"
"27114","0","0","0","705572","705573","0","0","0","0","0","0","0","0","0","0","0","0","0","0","0","0","0"
"27115","0","0","0","705592","0","0","0","0","0","0","0","0","0","0","0","0","0","0","0","0","0","0"
"27116","0","0","0","705601","0","0","0","0","0","0","0","0","0","0","0","0","0","0","0","0","0","0"
"27117","0","0","0","705606","705607","0","0","0","0","0","0","0","0","0","0","0","0","0","0","0","0","0"
"27118","0","0","0","705613","705614","0","0","0","0","0","0","0","0","0","0","0","0","0","0","0","0","0"
"27119","0","0","0","705615","0","0","0","0","0","0","0","0","0","0","0","0","0","0","0","0","0","0"
"27120","0","0","0","705611","0","0","0","0","0","0","0","0","0","0","0","0","0","0","0","0","0","0"
"27121","0","0","0","705625","705626","0","0","0","0","0","0","0","0","0","0","0","0","0","0","0","0","0"
"27122","0","0","0","705628","705629","0","0","0","0","0","0","0","0","0","0","0","0","0","0","0","0","0"
"27123","0","0","0","705632","0","0","0","0","0","0","0","0","0","0","0","0","0","0","0","0","0","0"
"27124","0","0","0","705636","0","0","0","0","0","0","0","0","0","0","0","0","0","0","0","0","0","0"
"27125","0","0","0","300608","705639","0","0","0","0","0","0","0","0","0","0","0","0","0","0","0","0","0"
"27126","0","0","0","300611","300615","0","0","0","0","0","0","0","0","0","0","0","0","0","0","0","0","0"
"27127","0","0","0","300612","0","0","0","0","0","0","0","0","0","0","0","0","0","0","0","0","0","0"
"27129","0","0","0","705638","705640","0","0","0","0","0","0","0","0","0","0","0","0","0","0","0","0","0"
"27130","0","0","0","705641","705642","0","0","0","0","0","0","0","0","0","0","0","0","0","0","0","0","0"
"27131","0","0","0","804827","0","0","0","0","0","0","0","0","0","0","0","0","0","0","0","0","0","0"
"27132","0","0","0","705648","705649","0","0","0","0","0","0","0","0","0","0","0","0","0","0","0","0","0"
"27133","0","0","0","705651","705652","0","0","0","0","0","0","0","0","0","0","0","0","0","0","0","0","0"
"27134","0","0","0","705655","705656","0","0","0","0","0","0","0","0","0","0","0","0","0","0","0","0","0"
"27135","0","0","0","705657","0","0","0","0","0","0","0","0","0","0","0","0","0","0","0","0","0","0"
"27136","0","0","0","705659","705660","0","0","0","0","0","0","0","0","0","0","0","0","0","0","0","0","0"
"27137","0","0","0","705683","705684","0","0","0","0","0","0","0","0","0","0","0","0","0","0","0","0","0"
"27139","0","0","0","705696","0","0","0","0","0","0","0","0","0","0","0","0","0","0","0","0","0","0"
"27140","0","0","0","705700","705701","0","0","0","0","0","0","0","0","0","0","0","0","0","0","0","0","0"
"27141","0","0","0","705702","0","0","0","0","0","0","0","0","0","0","0","0","0","0","0","0","0","0"
"27142","0","0","0","705721","0","0","0","0","0","0","0","0","0","0","0","0","0","0","0","0","0","0"
"27143","0","0","0","705731","0","0","0","0","0","0","0","0","0","0","0","0","0","0","0","0","0","0"
"27145","0","0","0","705743","705744","0","0","0","0","0","0","0","0","0","0","0","0","0","0","0","0","0"
"27146","0","0","0","705747","705748","0","0","0","0","0","0","0","0","0","0","0","0","0","0","0","0","0"
"27147","0","0","0","704676","705749","0","0","0","0","0","0","0","0","0","0","0","0","0","0","0","0","0"
"27148","0","0","0","705755","0","0","0","0","0","0","0","0","0","0","0","0","0","0","0","0","0","0"
"27149","0","0","0","300640","300641","0","0","0","0","0","0","0","0","0","0","0","0","0","0","0","0","0"
"27150","0","0","0","300631","705765","0","0","0","0","0","0","0","0","0","0","0","0","0","0","0","0","0"
"27151","0","0","0","704108","705775","0","0","0","0","0","0","0","0","0","0","0","0","0","0","0","0","0"
"27152","0","0","0","705766","705767","0","0","0","0","0","0","0","0","0","0","0","0","0","0","0","0","0"
"27153","0","0","0","705782","0","0","0","0","0","0","0","0","0","0","0","0","0","0","0","0","0","0"
"27154","0","0","0","705784","705785","0","0","0","0","0","0","0","0","0","0","0","0","0","0","0","0","0"
"27155","0","0","0","705772","705773","0","0","0","0","0","0","0","0","0","0","0","0","0","0","0","0","0"
"27156","0","0","0","705768","705769","0","0","0","0","0","0","0","0","0","0","0","0","0","0","0","0","0"
"27157","0","0","0","705789","705790","0","0","0","0","0","0","0","0","0","0","0","0","0","0","0","0","0"
"27158","0","0","0","705792","0","0","0","0","0","0","0","0","0","0","0","0","0","0","0","0","0","0"
"27159","0","0","0","705798","705799","0","0","0","0","0","0","0","0","0","0","0","0","0","0","0","0","0"
"27160","0","0","0","705800","705801","0","0","0","0","0","0","0","0","0","0","0","0","0","0","0","0","0"
"27162","0","0","0","705806","0","0","0","0","0","0","0","0","0","0","0","0","0","0","0","0","0","0"
"27163","0","0","0","705808","705809","0","0","0","0","0","0","0","0","0","0","0","0","0","0","0","0","0"
"27164","0","0","0","300644","0","0","0","0","0","0","0","0","0","0","0","0","0","0","0","0","0","0"
"27165","0","0","0","300649","300650","0","0","0","0","0","0","0","0","0","0","0","0","0","0","0","0","0"
"27166","0","0","0","300651","300652","0","0","0","0","0","0","0","0","0","0","0","0","0","0","0","0","0"
"27167","0","0","0","300654","0","0","0","0","0","0","0","0","0","0","0","0","0","0","0","0","0","0"
"27168","0","0","0","300656","300657","0","0","0","0","0","0","0","0","0","0","0","0","0","0","0","0","0"
"27169","0","0","0","705812","0","0","0","0","0","0","0","0","0","0","0","0","0","0","0","0","0","0"
"27170","0","0","0","705823","705824","0","0","0","0","0","0","0","0","0","0","0","0","0","1","0","0","0"
"27171","0","0","0","705825","705826","0","0","0","0","0","0","0","0","0","0","0","0","0","0","0","0","0"
"27172","0","0","0","705833","705834","0","0","0","0","0","0","0","0","0","0","0","0","0","0","0","0","0"
"27173","0","0","0","705840","705841","0","0","0","0","0","0","0","0","0","0","0","0","0","0","0","0","0"
"27174","0","0","0","804719","705842","0","0","0","0","0","0","0","0","0","0","0","0","0","0","0","0","0"
"27175","0","0","0","705844","0","0","0","0","0","0","0","0","0","0","0","0","0","0","0","0","0","0"
"27176","0","0","0","704512","705849","0","0","0","0","0","0","0","0","0","0","0","0","0","0","0","0","0"
"27177","0","0","0","705851","705852","0","0","0","0","0","0","0","0","0","0","0","0","0","0","0","0","0"
"27178","0","0","0","705856","707858","0","0","0","0","0","0","0","0","0","0","0","0","0","0","0","0","0"
"27179","0","0","0","705860","705861","0","0","0","0","0","0","0","0","0","0","0","0","0","0","0","0","0"
"27180","0","0","0","705871","705872","0","0","0","0","0","0","0","0","0","0","0","0","0","0","0","0","0"
"27181","0","0","0","705875","705876","0","0","0","0","0","0","0","0","0","0","0","0","0","0","0","0","0"
"27182","0","0","0","705877","705878","0","0","0","0","0","0","0","0","0","0","0","0","0","0","0","0","0"
"27183","0","0","0","705880","0","0","0","0","0","0","0","0","0","0","0","0","0","0","0","0","0","0"
"27184","0","0","0","705884","705885","0","0","0","0","0","0","0","0","0","0","0","0","0","0","0","0","0"
"27185","0","0","0","705887","705888","0","0","0","0","0","0","0","0","0","0","0","0","0","0","0","0","0"
"27186","0","0","0","705889","705890","0","0","0","0","0","0","0","0","0","0","0","0","0","0","0","0","0"
"27187","0","0","0","705899","705900","0","0","0","0","0","0","0","0","0","0","0","0","0","0","0","0","0"
"27188","0","0","0","705903","705904","0","0","0","0","0","0","0","0","0","0","0","0","0","0","0","0","0"
"27189","0","0","0","705917","705918","0","0","0","0","0","0","0","0","0","0","0","0","0","0","0","0","0"
"27190","0","0","0","705922","0","0","0","0","0","0","0","0","0","0","0","0","0","0","0","0","0","0"
"27191","0","0","0","705924","705927","0","0","0","0","0","0","0","0","0","0","0","0","0","0","0","0","0"
"27192","0","0","0","705928","705929","0","0","0","0","0","0","0","0","0","0","0","0","0","0","0","0","0"
"27193","0","0","0","705930","705931","0","0","0","0","0","0","0","0","0","0","0","0","0","0","0","0","0"
"27194","0","0","0","705936","705937","0","0","0","0","0","0","0","0","0","0","0","0","0","0","0","0","0"
"27195","0","0","0","705949","705950","0","0","0","0","0","0","0","0","0","0","0","0","0","0","0","0","0"
"27196","0","0","0","705952","705953","0","0","0","0","0","0","0","0","0","0","0","0","0","0","0","0","0"
"27197","0","0","0","705957","0","0","0","0","0","0","0","0","0","0","0","0","0","0","0","0","0","0"
"27198","0","0","0","300666","0","0","0","0","0","0","0","0","0","0","0","0","0","0","0","0","0","0"
"27199","0","0","0","300669","300670","0","0","0","0","0","0","0","0","0","0","0","0","0","0","0","0","0"
"27200","0","0","0","300671","0","0","0","0","0","0","0","0","0","0","0","0","0","0","0","0","0","0"
"27201","0","0","0","300664","300665","0","0","0","0","0","0","0","0","0","0","0","0","0","0","0","0","0"
"27202","0","0","0","300684","0","0","0","0","0","0","0","0","0","0","0","0","0","0","0","0","0","0"
"27203","0","0","0","300675","705958","0","0","0","0","0","0","0","0","0","0","0","0","0","0","0","0","0"
"27204","0","0","0","300677","705960","0","0","0","0","0","0","0","0","0","0","0","0","0","0","0","0","0"
"27205","0","0","0","705962","0","0","0","0","0","0","0","0","0","0","0","0","0","0","0","0","0","0"
"27206","0","0","0","705964","705965","0","0","0","0","0","0","0","0","0","0","0","0","0","0","0","0","0"
"27207","0","0","0","705967","0","0","0","0","0","0","0","0","0","0","0","0","0","0","0","0","0","0"
"27208","0","0","0","705971","705972","0","0","0","0","0","0","0","0","0","0","0","0","0","0","0","0","0"
"27209","0","0","0","705973","705974","0","0","0","0","0","0","0","0","0","0","0","0","0","0","0","0","0"
"27210","0","0","0","705978","0","0","0","0","0","0","0","0","0","0","0","0","0","0","0","0","0","0"
"27211","0","0","0","705986","705987","0","0","0","0","0","0","0","0","0","0","0","0","0","0","0","0","0"
"27212","0","0","0","706006","0","0","0","0","0","0","0","0","0","0","0","0","0","0","0","0","0","0"
"27213","0","0","0","706009","706010","0","0","0","0","0","0","0","0","0","0","0","0","0","0","0","0","0"
"27214","0","0","0","706012","0","0","0","0","0","0","0","0","0","0","0","0","0","0","0","0","0","0"
"27215","0","0","0","706021","0","0","0","0","0","0","0","0","0","0","0","0","0","0","0","0","0","0"
"27216","0","0","0","706025","0","0","0","0","0","0","0","0","0","0","0","0","0","0","0","0","0","0"
"27217","0","0","0","706036","0","0","0","0","0","0","0","0","0","0","0","0","0","0","0","0","0","0"
"27218","0","0","0","706038","706039","0","0","0","0","0","0","0","0","0","0","0","0","0","0","0","0","0"
"27219","0","0","0","706040","0","0","0","0","0","0","0","0","0","0","0","0","0","0","0","0","0","0"
"27220","0","0","0","704490","0","0","0","0","0","0","0","0","0","0","0","0","0","0","0","0","0","0"
"27221","0","0","0","706046","0","0","0","0","0","0","0","0","0","0","0","0","0","0","0","0","0","0"
"27222","0","0","0","706049","0","0","0","0","0","0","0","0","0","0","0","0","0","0","0","0","0","0"
"27223","0","0","0","706053","0","0","0","0","0","0","0","0","0","0","0","0","0","0","0","0","0","0"
"27224","0","0","0","706056","706058","0","0","0","0","0","0","0","0","0","0","0","0","0","0","0","0","0"
"27225","0","0","0","706065","0","0","0","0","0","0","0","0","0","0","0","0","0","0","0","0","0","0"
"27226","0","0","0","706067","0","0","0","0","0","0","0","0","0","0","0","0","0","0","0","0","0","0"
"27227","0","0","0","706069","706070","0","0","0","0","0","0","0","0","0","0","0","0","0","0","0","0","0"
"27228","0","0","0","806206","0","0","0","0","0","0","0","0","0","0","0","0","0","0","0","0","0","0"
"27229","0","0","0","706072","0","0","0","0","0","0","0","0","0","0","0","0","0","0","0","0","0","0"
"27230","0","0","0","706074","706075","0","0","0","0","0","0","0","0","0","0","0","0","0","0","0","0","0"
"27231","0","0","0","706088","0","0","0","0","0","0","0","0","0","0","0","0","0","0","0","0","0","0"
"27232","0","0","0","706091","706092","0","0","0","0","0","0","0","0","0","0","0","0","0","0","0","0","0"
"27233","0","0","0","706102","0","0","0","0","0","0","0","0","0","0","0","0","0","0","0","0","0","0"
"27234","0","0","0","706103","0","0","0","0","0","0","0","0","0","0","0","0","0","0","0","0","0","0"
"27235","0","0","0","706105","706106","0","0","0","0","0","0","0","0","0","0","0","0","0","0","0","0","0"
"27236","0","0","0","300712","300713","0","0","0","0","0","0","0","0","0","0","0","0","0","0","0","0","0"
"27237","0","0","0","300714","0","0","0","0","0","0","0","0","0","0","0","0","0","0","0","0","0","0"
"27238","0","0","0","300720","300721","0","0","0","0","0","0","0","0","0","0","0","0","0","0","0","0","0"
"27239","0","0","0","300723","300724","0","0","0","0","0","0","0","0","0","0","0","0","0","0","0","0","0"
"27240","0","0","0","300728","0","0","0","0","0","0","0","0","0","0","0","0","0","0","0","0","0","0"
"27241","0","0","0","300729","0","0","0","0","0","0","0","0","0","0","0","0","0","0","0","0","0","0"
"27243","0","0","0","706118","706119","0","0","0","0","0","0","0","0","0","0","0","0","0","0","0","0","0"
"27244","0","0","0","706122","706123","0","0","0","0","0","0","0","0","0","0","0","0","0","0","0","0","0"
"27245","0","0","0","706131","0","0","0","0","0","0","0","0","0","0","0","0","0","0","0","0","0","0"
"27246","0","0","0","706138","0","0","0","0","0","0","0","0","0","0","0","0","0","0","0","0","0","0"
"27247","0","0","0","300733","300737","0","0","0","0","0","0","0","0","0","0","0","0","0","0","0","0","0"
"27248","0","0","0","300740","0","0","0","0","0","0","0","0","0","0","0","0","0","0","0","0","0","0"
"27249","0","0","0","706143","0","0","0","0","0","0","0","0","0","0","0","0","0","0","0","0","0","0"
"27250","0","0","0","706145","706146","0","0","0","0","0","0","0","0","0","0","0","0","0","0","0","0","0"
"27251","0","0","0","300698","0","0","0","0","0","0","0","0","0","0","0","0","0","0","0","0","0","0"
"27252","0","0","0","706161","0","0","0","0","0","0","0","0","0","0","0","0","0","0","0","0","0","0"
"27253","0","0","0","706164","706165","0","0","0","0","0","0","0","0","0","0","0","0","0","0","0","0","0"
"27254","0","0","0","706166","0","0","0","0","0","0","0","0","0","0","0","0","0","0","0","0","0","0"
"27255","0","0","0","706169","706170","0","0","0","0","0","0","0","0","0","0","0","0","0","0","0","0","0"
"27256","0","0","0","706177","0","0","0","0","0","0","0","0","0","0","0","0","0","0","0","0","0","0"
"27257","0","0","0","706180","706181","0","0","0","0","0","0","0","0","0","0","0","0","0","0","0","0","0"
"27258","0","0","0","706183","0","0","0","0","0","0","0","0","0","0","0","0","0","0","0","0","0","0"
"27259","0","0","0","706185","0","0","0","0","0","0","0","0","0","0","0","0","0","0","0","0","0","0"
"27260","0","0","0","706191","0","0","0","0","0","0","0","0","0","0","0","0","0","0","0","0","0","0"
"27261","0","0","0","706193","0","0","0","0","0","0","0","0","0","0","0","0","0","0","0","0","0","0"
"27262","0","0","0","704699","300745","0","0","0","0","0","0","0","0","0","0","0","0","0","0","0","0","0"
"27263","0","0","0","805037","300746","0","0","0","0","0","0","0","0","0","0","0","0","0","0","0","0","0"
"27264","0","0","0","805674","0","0","0","0","0","0","0","0","0","0","0","0","0","0","0","0","0","0"
"27265","0","0","0","300748","0","0","0","0","0","0","0","0","0","0","0","0","0","0","0","0","0","0"
"27266","0","0","0","300235","300749","0","0","0","0","0","0","0","0","0","0","0","0","0","0","0","0","0"
"27267","0","0","0","704828","300750","0","0","0","0","0","0","0","0","0","0","0","0","0","0","0","0","0"
"27268","0","0","0","802162","0","0","0","0","0","0","0","0","0","0","0","0","0","0","0","0","0","0"
"27269","0","0","0","706203","706204","0","0","0","0","0","0","0","0","0","0","0","0","0","0","0","0","0"
"27270","0","0","0","706206","706207","0","0","0","0","0","0","0","0","0","0","0","0","0","0","0","0","0"
"27271","0","0","0","706209","706210","0","0","0","0","0","0","0","0","0","0","0","0","0","0","0","0","0"
"27274","0","0","0","300286","300752","0","0","0","0","0","0","0","0","0","0","0","0","0","0","0","0","0"
"27275","0","0","0","300292","0","0","0","0","0","0","0","0","0","0","0","0","0","0","0","0","0","0"
"27276","0","0","0","802048","300754","0","0","0","0","0","0","0","0","0","0","0","0","0","0","0","0","0"
"27277","0","0","0","706227","0","0","0","0","0","0","0","0","0","0","0","0","0","0","0","0","0","0"
"27278","0","0","0","704778","706229","0","0","0","0","0","0","0","0","0","0","0","0","0","0","0","0","0"
"27279","0","0","0","706232","0","0","0","0","0","0","0","0","0","0","0","0","0","0","0","0","0","0"
"27280","0","0","0","706236","0","0","0","0","0","0","0","0","0","0","0","0","0","0","0","0","0","0"
"27281","0","0","0","300322","300327","0","0","0","0","0","0","0","0","0","0","0","0","0","0","0","0","0"
"27282","0","0","0","706239","0","0","0","0","0","0","0","0","0","0","0","0","0","0","0","0","0","0"
"27283","0","0","0","706240","0","0","0","0","0","0","0","0","0","0","0","0","0","0","0","0","0","0"
"27284","0","0","0","706242","706243","0","0","0","0","0","0","0","0","0","0","0","0","0","0","0","0","0"
"27285","0","0","0","706245","706246","0","0","0","0","0","0","0","0","0","0","0","0","0","0","0","0","0"
"27286","0","0","0","706252","706253","0","0","0","0","0","0","0","0","0","0","0","0","0","0","0","0","0"
"27288","0","0","0","706268","706269","0","0","0","0","0","0","0","0","0","0","0","0","0","0","0","0","0"
"27289","0","0","0","706271","706272","0","0","0","0","0","0","0","0","0","0","0","0","0","0","0","0","0"
"27290","0","0","0","300606","0","0","0","0","0","0","0","0","0","0","0","0","0","0","0","0","0","0"
"27291","0","0","0","706568","0","0","0","0","0","0","0","0","0","0","0","0","0","0","0","0","0","0"
"27292","0","0","0","706570","0","0","0","0","0","0","0","0","0","0","0","0","0","0","0","0","0","0"
"27293","0","0","0","706577","0","0","0","0","0","0","0","0","0","0","0","0","0","0","0","0","0","0"
"27294","0","0","0","300587","706597","0","0","0","0","0","0","0","0","0","0","0","0","0","0","0","0","0"
"27295","0","0","0","706618","0","0","0","0","0","0","0","0","0","0","0","0","0","0","0","0","0","0"
"27296","0","0","0","300792","300793","0","0","0","0","0","0","0","0","0","0","0","0","0","0","0","0","0"
"27297","0","0","0","7055241","0","0","0","0","0","0","0","0","0","0","0","0","0","0","0","0","0","0"
"27298","0","0","0","300984","0","0","0","0","0","0","0","0","0","0","0","0","0","0","0","0","0","0"
"27299","0","0","0","300969","0","0","0","0","0","0","0","0","0","0","0","0","0","0","0","0","0","0"
"27300","0","0","0","706277","0","0","0","0","0","0","0","0","0","0","0","0","0","0","0","0","0","0"
"27302","0","0","0","706640","0","0","0","0","0","0","0","0","0","0","0","0","0","0","0","0","0","0"
"27303","0","0","0","300792","300793","0","0","0","0","0","0","0","0","0","0","0","0","0","0","0","0","0"
"27305","0","0","0","560035","560052","0","0","0","0","0","0","0","0","0","0","0","0","0","0","0","0","0"
"27306","0","0","0","0","0","0","0","0","0","0","0","0","0","0","0","0","0","0","0","0","0","0"
"27307","0","0","0","804609","0","0","0","0","0","0","0","0","0","0","0","0","0","0","0","0","0","0"
"27308","0","0","0","560035","560052","0","0","0","0","0","0","0","0","0","0","0","0","0","0","0","0","0"
"27309","0","0","0","705491","0","0","0","0","0","0","0","0","0","0","0","0","0","0","0","0","0","0"
"28000","0","0","0","706724","0","0","0","0","0","0","0","0","0","0","0","0","0","0","0","0","0","0"
"28001","0","0","0","706716","706717","0","0","0","0","0","0","0","0","0","0","0","0","0","0","0","0","0"
"28003","0","0","0","706720","0","0","0","0","0","0","0","0","0","0","0","0","0","0","0","0","0","0"
"28004","0","0","0","706722","0","0","0","0","0","0","0","0","0","0","0","0","0","0","0","0","0","0"
"30494","0","0","0","503900","503901","0","0","0","0","0","0","0","0","0","0","0","0","0","0","0","0","0"
"30577","0","0","0","705803","0","0","0","0","0","0","0","0","0","0","0","0","0","0","0","0","0","0"
"30628","0","0","0","301299","573132","0","0","0","0","0","0","0","0","0","0","0","0","0","0","0","0","0"
"30785","0","0","0","805880","500734","0","0","0","0","0","0","0","0","0","0","0","0","0","0","0","0","0"
"32500","0","0","0","0","0","0","0","0","0","0","0","0","0","0","0","0","0","0","0","0","0","0"
"32840","0","0","0","680971","0","0","0","0","0","0","0","0","0","0","0","0","0","0","0","0","0","0"
"33925","0","0","0","560703","0","0","0","0","0","0","0","0","0","0","0","0","0","0","0","0","0","0"
"34170","0","0","0","705057","506815","0","0","0","0","0","0","0","0","0","0","0","0","0","0","0","0","0"
"34186","0","0","0","705081","560796","0","0","0","0","0","0","0","0","0","0","0","0","0","0","0","0","0"
"34295","0","0","0","560452","560889","0","0","0","0","0","0","0","0","0","0","0","0","0","0","0","0","0"
"34996","0","0","0","705835","504495","0","0","0","0","0","0","0","0","0","0","0","0","0","0","0","0","0"
"35001","0","0","0","300250","0","0","0","0","0","0","0","0","0","0","0","0","0","0","0","0","0","0"
"35008","0","0","0","704604","680758","0","0","0","0","0","0","0","0","0","0","0","0","0","0","0","0","0"
"35111","0","0","0","561222","706235","0","0","0","0","0","0","0","0","0","0","0","0","0","0","0","0","0"
"35372","0","0","0","706208","706219","0","0","0","0","0","0","0","0","0","0","0","0","0","0","0","0","0"
"35411","0","0","0","706279","706280","0","0","0","0","0","0","0","0","0","0","0","0","0","0","0","0","0"
"35420","0","0","0","706310","706311","0","0","0","0","0","0","0","0","0","0","0","0","0","0","0","0","0"
"35421","0","0","0","706314","0","0","0","0","0","0","0","0","0","0","0","0","0","0","0","0","0","0"
"35424","0","0","0","706321","706322","0","0","0","0","0","0","0","0","0","0","0","0","0","0","0","0","0"
"35432","0","0","0","706336","0","0","0","0","0","0","0","0","0","0","0","0","0","0","0","0","0","0"
"35482","0","0","0","706617","0","0","0","0","0","0","0","0","0","0","0","0","0","0","0","0","0","0"
"35491","0","0","0","705524","0","0","0","0","0","0","0","0","0","0","0","0","0","0","0","0","0","0"
"35513","0","0","0","300968","0","0","0","0","0","0","0","0","0","0","0","0","0","0","0","0","0","0"
"35520","0","0","0","706276","0","0","0","0","0","0","0","0","0","0","0","0","0","0","0","0","0","0"
"35539","0","0","0","706637","0","0","0","0","0","0","0","0","0","0","0","0","0","0","0","0","0","0"
"35540","0","0","0","706576","0","0","0","0","0","0","0","0","0","0","0","0","0","0","0","0","0","0"
"35586","0","0","0","560050","0","0","0","0","0","0","0","0","0","0","0","0","0","0","0","0","0","0"
"35589","0","0","0","560053","0","0","0","0","0","0","0","0","0","0","0","0","0","0","0","0","0","0"
"35590","0","0","0","560077","560078","0","0","0","0","0","0","0","0","0","0","0","0","0","0","0","0","0"
"35591","0","0","0","0","0","0","0","0","0","0","0","0","0","0","0","0","0","0","0","0","0","0"
"35645","0","0","0","706261","0","0","0","0","0","0","0","0","0","0","0","0","0","0","0","0","0","0"
"35647","0","0","0","704941","0","0","0","0","0","0","0","0","0","0","0","0","0","0","0","0","0","0"
"35648","0","0","0","706717","0","0","0","0","0","0","0","0","0","0","0","0","0","0","0","0","0","0"
"35649","0","0","0","706719","0","0","0","0","0","0","0","0","0","0","0","0","0","0","0","0","0","0"
"35650","0","0","0","706720","0","0","0","0","0","0","0","0","0","0","0","0","0","0","0","0","0","0"
"35651","0","0","0","706722","0","0","0","0","0","0","0","0","0","0","0","0","0","0","0","0","0","0"
"35653","0","0","0","560113","0","0","0","0","0","0","0","0","0","0","0","0","0","0","0","0","0","0"
"35654","0","0","0","560121","560122","0","0","0","0","0","0","0","0","0","0","0","0","0","0","0","0","0"
"35655","0","0","0","706163","0","0","0","0","0","0","0","0","0","0","0","0","0","0","0","0","0","0"
"35656","0","0","0","706159","0","0","0","0","0","0","0","0","0","0","0","0","0","0","0","0","0","0"
"35657","0","0","0","560147","0","0","0","0","0","0","0","0","0","0","0","0","0","0","0","0","0","0"
"35658","0","0","0","560149","0","0","0","0","0","0","0","0","0","0","0","0","0","0","0","0","0","0"
"35659","0","0","0","560158","560159","0","0","0","0","0","0","0","0","0","0","0","0","0","0","0","0","0"
"35741","0","0","0","706567","706568","0","0","0","0","0","0","0","0","0","0","0","0","0","0","0","0","0"
"35742","0","0","0","706569","706570","0","0","0","0","0","0","0","0","0","0","0","0","0","0","0","0","0"
"35743","0","0","0","704649","560252","0","0","0","0","0","0","0","0","0","0","0","0","0","0","0","0","0"
"35744","0","0","0","560254","0","0","0","0","0","0","0","0","0","0","0","0","0","0","0","0","0","0"
"35745","0","0","0","704121","0","0","0","0","0","0","0","0","0","0","0","0","0","0","0","0","0","0"
"35746","0","0","0","560264","0","0","0","0","0","0","0","0","0","0","0","0","0","0","0","0","0","0"
"35747","0","0","0","560285","560286","0","0","0","0","0","0","0","0","0","0","0","0","0","0","0","0","0"
"35748","0","0","0","706792","706793","0","0","0","0","0","0","0","0","0","0","0","0","0","0","0","0","0"
"35760","0","0","0","705405","706796","0","0","0","0","0","0","0","0","0","0","0","0","0","0","0","0","0"
"35761","0","0","0","560453","560454","0","0","0","0","0","0","0","0","0","0","0","0","0","0","0","0","0"
"35762","0","0","0","560458","560459","0","0","0","0","0","0","0","0","0","0","0","0","0","0","0","0","0"
"35763","0","0","0","706795","0","0","0","0","0","0","0","0","0","0","0","0","0","0","0","0","0","0"
"35764","0","0","0","300552","560494","0","0","0","0","0","0","0","0","0","0","0","0","0","0","0","0","0"
"35766","0","0","0","560886","0","0","0","0","0","0","0","0","0","0","0","0","0","0","0","0","0","0"
"35767","0","0","0","560615","0","0","0","0","0","0","0","0","0","0","0","0","0","0","0","0","0","0"
"35768","0","0","0","300236","506626","0","0","0","0","0","0","0","0","0","0","0","0","0","0","0","0","0"
"35770","0","0","0","706850","0","0","0","0","0","0","0","0","0","0","0","0","0","0","0","0","0","0"
"35771","0","0","0","560840","560839","0","0","0","0","0","0","0","0","0","0","0","0","0","0","0","0","0"
"35772","0","0","0","560691","0","0","0","0","0","0","0","0","0","0","0","0","0","0","0","0","0","0"
"35773","0","0","0","706862","0","0","0","0","0","0","0","0","0","0","0","0","0","0","0","0","0","0"
"35775","0","0","0","706889","0","0","0","0","0","0","0","0","0","0","0","0","0","0","0","0","0","0"
"35776","0","0","0","300930","706890","0","0","0","0","0","0","0","0","0","0","0","0","0","0","0","0","0"
"35777","0","0","0","503608","0","0","0","0","0","0","0","0","0","0","0","0","0","0","0","0","0","0"
"35778","0","0","0","300755","503636","0","0","0","0","0","0","0","0","0","0","0","0","0","0","0","0","0"
"35779","0","0","0","706928","0","0","0","0","0","0","0","0","0","0","0","0","0","0","0","0","0","0"
"35780","0","0","0","706248","504413","0","0","0","0","0","0","0","0","0","0","0","0","0","0","0","0","0"
"35781","0","0","0","503960","0","0","0","0","0","0","0","0","0","0","0","0","0","0","0","0","0","0"
"35782","0","0","0","503962","503963","0","0","0","0","0","0","0","0","0","0","0","0","0","0","0","0","0"
"35783","0","0","0","300551","0","0","0","0","0","0","0","0","0","0","0","0","0","0","0","0","0","0"
"35784","0","0","0","504285","0","0","0","0","0","0","0","0","0","0","0","0","0","0","0","0","0","0"
"35785","0","0","0","300464","560707","0","0","0","0","0","0","0","0","0","0","0","0","0","0","0","0","0"
"35786","0","0","0","704966","302549","0","0","0","0","0","0","0","0","0","0","0","0","0","0","0","0","0"
"35787","0","0","0","300382","0","0","0","0","0","0","0","0","0","0","0","0","0","0","0","0","0","0"
"35788","0","0","0","704916","0","0","0","0","0","0","0","0","0","0","0","0","0","0","0","0","0","0"
"35789","0","0","0","806797","0","0","0","0","0","0","0","0","0","0","0","0","0","0","0","0","0","0"
"35790","0","0","0","806795","0","0","0","0","0","0","0","0","0","0","0","0","0","0","0","0","0","0"
"35791","0","0","0","704909","0","0","0","0","0","0","0","0","0","0","0","0","0","0","0","0","0","0"
"35792","0","0","0","704890","806771","0","0","0","0","0","0","0","0","0","0","0","0","0","0","0","0","0"
"35793","0","0","0","680326","680327","0","0","0","0","0","0","0","0","0","0","0","0","0","0","0","0","0"
"35794","0","0","0","680328","680329","0","0","0","0","0","0","0","0","0","0","0","0","0","0","0","0","0"
"35795","0","0","0","681127","681129","0","0","0","0","0","0","0","0","0","0","0","0","0","0","0","0","0"
"37117","0","0","0","301146","301146","0","0","0","0","0","0","0","0","0","0","0","0","0","0","0","0","0"
"37280","0","0","0","705738","681076","0","0","0","0","0","0","0","0","0","0","0","0","0","0","0","0","0"
"52112","0","0","0","504799","505204","0","0","0","0","0","0","0","0","0","0","0","0","0","0","0","0","0"
"53511","0","0","0","504730","504883","0","0","0","0","0","0","0","0","0","0","0","0","0","0","0","0","0"
"54888","0","0","0","0","0","0","0","0","0","0","0","0","0","0","0","0","0","0","0","0","0","0"
"54889","0","0","0","300257","680819","0","0","0","0","0","0","0","0","0","0","0","0","0","0","0","0","0"
"54890","0","0","0","300832","680859","0","0","0","0","0","0","0","0","0","0","0","0","0","0","0","0","0"
"54891","0","0","0","706198","681019","0","0","0","0","0","0","0","0","0","0","0","0","0","0","0","0","0"
"54892","0","0","0","705893","680863","0","0","0","0","0","0","0","0","0","0","0","0","0","0","0","0","0"
"54893","0","0","0","705030","560690","0","0","0","0","0","0","0","0","0","0","0","0","0","0","0","0","0"
"54894","0","0","0","680936","0","0","0","0","0","0","0","0","0","0","0","0","0","0","0","0","0","0"
"54895","0","0","0","805727","0","0","0","0","0","0","0","0","0","0","0","0","0","0","0","0","0","0"
"54896","0","0","0","705109","520249","0","0","0","0","0","0","0","0","0","0","0","0","0","0","0","0","0"
"54897","0","0","0","560573","0","0","0","0","0","0","0","0","0","0","0","0","0","0","0","0","0","0"
"54898","0","0","0","520252","520253","0","0","0","0","0","0","0","0","0","0","0","0","0","0","0","0","0"
"54899","0","0","0","520290","0","0","0","0","0","0","0","0","0","0","0","0","0","0","0","0","0","0"
"54900","0","0","0","704181","524923","0","0","0","0","0","0","0","0","0","0","0","0","0","0","0","0","0"
"54901","0","0","0","300383","0","0","0","0","0","0","0","0","0","0","0","0","0","0","0","0","0","0"
"56723","0","0","0","567231","567232","0","0","0","0","0","0","0","0","0","0","0","0","0","0","0","0","0"
"68036","0","0","0","680836","520546","0","0","0","0","0","0","0","0","0","0","0","0","0","0","0","0","0"
"70581","0","0","0","705814","560717","0","0","0","0","0","0","0","0","0","0","0","0","0","0","0","0","0"
"81111","0","0","0","706472","572638","0","0","0","0","0","0","0","0","0","0","0","0","0","0","0","0","0"
"95959","0","0","0","0","0","0","0","0","0","0","0","0","0","0","0","0","0","0","0","0","0","0"
"25","41","0","0","11095","12872","12873","0","0","0","0","0","0","0","0","0","0","0","0","0","0","0","0"
"27","41","0","0","11078","11080","0","0","0","0","0","0","0","0","0","0","0","0","0","0","0","0","0"
"28","41","0","0","11100","12353","812352","0","0","0","0","0","0","0","0","0","0","0","0","0","0","0","0"
"34","41","0","0","11119","11120","12846","12847","12848","0","0","0","0","0","0","0","0","0","0","0","0","0","0"
"1730","41","0","0","31638","31639","0","0","0","0","0","0","0","0","0","0","0","0","0","0","0","0","0"
"1731","41","0","0","31641","31642","0","0","0","0","0","0","0","0","0","0","0","0","0","0","0","0","0"
"1733","41","0","0","34293","34295","34296","0","0","0","0","0","0","0","0","0","0","0","0","0","0","0","0"
"1848","41","0","0","64353","64357","0","0","0","0","0","0","0","0","0","0","0","0","0","0","0","0","0"
"1849","41","0","0","44442","44443","0","0","0","0","0","0","0","0","0","0","0","0","0","0","0","0","0"
"110027","41","0","0","1111078","1111080","0","0","0","0","0","0","0","0","0","0","0","0","0","0","0","0","0"
"24","41","0","1","11094","13043","0","0","0","0","0","0","0","0","0","0","0","0","0","0","0","0","0"
"30","41","0","1","11103","12357","12358","0","0","0","0","0","0","0","0","0","0","0","0","0","0","0","0"
"33","41","0","1","11115","11367","11368","0","0","0","0","0","0","0","0","0","0","0","0","0","0","0","0"
"36","41","0","1","11129","0","0","0","0","0","0","0","0","0","0","0","0","0","0","1","0","0","0"
"1141","41","0","1","18459","18460","54734","0","0","0","0","0","0","0","0","0","0","0","0","0","0","0","0"
"1735","41","0","1","31661","0","0","0","0","0","0","0","0","0","0","0","0","0","0","1","0","0","0"
"1851","41","0","1","44449","44469","44470","44471","44472","0","0","0","0","0","0","0","0","0","0","0","0","0","0"
"1852","41","0","1","44457","0","0","0","0","0","0","0","0","0","0","0","0","0","0","1","0","0","0"
"2212","41","0","1","54747","54749","0","0","0","0","0","0","0","0","0","0","0","0","0","0","0","0","0"
"11735","41","0","1","435691","435692","435693","0","0","0","0","0","0","0","0","0","0","0","0","1","0","0","0"
"111141","41","0","1","1118459","1118460","1154734","0","0","0","0","0","0","0","0","0","0","0","0","0","0","0","0"
"26","41","0","2","11069","12338","12339","0","0","0","0","0","0","0","0","0","0","0","0","0","0","0","0"
"29","41","0","2","11366","0","0","0","0","0","0","0","0","0","0","0","0","0","0","1","0","0","0"
"31","41","0","2","11108","12349","12350","0","0","0","0","0","0","0","0","0","0","0","0","0","0","0","0"
"32","41","0","2","11113","0","0","0","0","0","0","0","0","0","0","0","0","0","0","1","0","0","0"
"35","41","0","2","11124","12378","12398","0","0","0","0","0","0","0","0","0","0","0","0","0","0","0","0"
"1732","41","0","2","31679","31680","0","0","0","0","0","0","0","0","0","0","0","0","0","0","0","0","0"
"1734","41","0","2","31656","31657","31658","0","0","0","0","0","0","0","0","0","0","0","0","0","0","0","0"
"1850","41","0","2","44445","44446","44448","0","0","0","0","0","0","0","0","0","0","0","0","0","0","0","0"
"110026","41","0","2","1111069","1112338","1112339","1112340","1112341","0","0","0","0","0","0","0","0","0","0","0","0","0","0"
"23","41","0","3","11083","12351","0","0","0","0","0","0","0","0","0","0","0","0","0","0","0","0","0"
"1639","41","0","3","29074","29075","29076","0","0","0","0","0","0","0","0","0","0","0","0","0","0","0","0"
"110034","41","1","0","1111119","1111120","1112846","1112847","1112848","0","0","0","0","0","0","0","0","0","0","0","0","0","0"
"112212","41","1","1","1154747","1154749","0","0","0","0","0","0","0","0","0","0","0","0","0","0","0","0","0"
"110031","41","1","2","1111108","1112349","1112350","0","0","0","0","0","0","0","0","0","0","0","0","0","0","0","0"
"110028","41","2","0","1111100","1112353","0","0","0","0","0","0","0","0","0","0","0","0","0","0","0","0","0"
"110030","41","2","1","1111103","1112357","1112358","0","0","0","0","0","0","0","0","0","0","0","0","0","0","0","0"
"110029","41","2","2","1111366","0","0","0","0","0","0","0","0","0","0","0","0","0","0","1","0","0","0"
"110023","41","2","3","1111083","1112351","0","0","0","0","0","0","0","0","0","0","0","0","0","0","0","0","0"
"110025","41","3","0","1111095","1112872","1112873","0","0","0","0","0","0","0","0","0","0","0","0","0","0","0","0"
"110024","41","3","1","1111094","1113043","0","0","0","0","0","0","0","0","0","0","0","0","0","0","0","0","0"
"111639","41","3","3","1129074","1129075","1129076","0","0","0","0","0","0","0","0","0","0","0","0","0","0","0","0"
"111730","41","4","0","1131638","1131639","1131640","0","0","0","0","0","0","0","0","0","0","0","0","0","0","0","0"
"110033","41","4","1","1111115","1111367","1111368","0","0","0","0","0","0","0","0","0","0","0","0","0","0","0","0"
"110032","41","4","2","1111113","0","0","0","0","0","0","0","0","29","0","0","0","0","0","1","0","0","0"
"111731","41","5","0","1131641","1131642","0","0","0","0","0","0","0","0","0","0","0","0","0","0","0","0","0"
"110035","41","5","2","1111124","1112378","1112398","0","0","0","0","0","0","0","0","0","0","0","0","0","0","0","0"
"111733","41","6","0","1134293","1134295","1134296","0","0","0","0","0","0","0","0","0","0","0","0","0","0","0","0"
"110036","41","6","1","1111129","0","0","0","0","0","0","0","0","33","0","0","2","0","0","1","0","0","0"
"111732","41","6","2","1131679","1131680","0","0","0","0","0","0","0","0","0","0","0","0","0","0","0","0","0"
"111848","41","7","0","1164353","1164357","0","0","0","0","0","0","0","0","0","0","0","0","0","0","0","0","0"
"111734","41","7","2","1131656","1131657","1131658","0","0","0","0","0","0","0","0","0","0","0","0","0","0","0","0"
"111849","41","8","0","1144442","1144443","0","0","0","0","0","0","0","1735","0","0","0","0","0","0","0","0","0"
"111735","41","8","1","1131661","0","0","0","0","0","0","0","0","36","0","0","0","0","0","1","0","0","0"
"111850","41","8","2","1144445","1144446","1144448","0","0","0","0","0","0","0","0","0","0","0","0","0","0","0","0"
"111851","41","9","1","1144449","1144469","1144470","0","0","0","0","0","0","0","0","0","0","0","0","0","0","0","0"
"111852","41","10","1","1144457","0","0","0","0","0","0","0","0","0","0","0","0","0","0","1","0","0","0"
"38","61","0","0","11071","12496","12497","0","0","0","0","0","0","0","0","0","0","0","0","0","0","0","0"
"61","61","0","0","11151","12952","12953","0","0","0","0","0","0","0","0","0","0","0","0","0","0","0","0"
"73","61","0","0","11207","12672","15047","815048","815049","0","0","0","0","0","0","0","0","0","0","0","0","0","0"
"741","61","0","0","16757","16758","0","0","0","0","0","0","0","0","0","0","0","0","0","0","0","0","0"
"1737","61","0","0","55091","55092","0","0","0","0","0","0","0","0","0","0","0","0","0","0","0","0","0"
"1854","61","0","0","44546","44548","44549","0","0","0","0","0","0","0","0","0","0","0","0","0","0","0","0"
"2214","61","0","0","44745","54787","854787","0","0","0","0","0","0","0","0","0","0","0","0","0","0","0","0"
"110038","61","0","0","1111071","1112496","1112497","0","0","0","0","0","0","0","0","0","0","0","0","0","0","0","0"
"37","61","0","1","11070","12473","16763","0","0","0","0","0","0","0","0","0","0","0","0","0","0","0","0"
"66","61","0","1","11160","12518","12519","0","0","0","0","0","0","0","0","0","0","0","0","0","0","0","0"
"69","61","0","1","12472","0","0","0","0","0","0","0","0","0","0","0","0","0","0","1","0","0","0"
"70","61","0","1","11189","28332","0","0","0","0","0","0","0","0","0","0","0","0","0","0","0","0","0"
"71","61","0","1","11426","0","0","0","0","0","0","0","0","0","0","0","0","0","0","1","0","0","0"
"72","61","0","1","11958","0","0","0","0","0","0","0","0","0","0","0","0","0","0","1","0","0","0"
"1740","61","0","1","31682","31683","31684","0","0","0","0","0","0","0","0","0","0","0","0","0","0","0","0"
"1741","61","0","1","31687","0","0","0","0","0","0","0","0","0","0","0","0","0","0","1","0","0","0"
"1856","61","0","1","44566","44567","44568","0","0","0","0","0","0","0","0","0","0","0","0","0","0","0","0"
"1857","61","0","1","44572","0","0","0","0","0","0","0","0","0","0","0","0","0","0","1","0","0","0"
"110037","61","0","1","1111070","1112473","1116763","1116765","1116766","0","0","0","0","0","0","0","0","0","0","0","0","0","0"
"62","61","0","2","31670","31672","55094","0","0","0","0","0","0","0","0","0","0","0","0","0","0","0","0"
"63","61","0","2","11185","12487","12488","0","0","0","0","0","0","0","0","0","0","0","0","0","0","0","0"
"64","61","0","2","11190","12489","12490","0","0","0","0","0","0","0","0","0","0","0","0","0","0","0","0"
"67","61","0","2","11170","12982","12983","0","0","0","0","0","0","0","0","0","0","0","0","0","0","0","0"
"68","61","0","2","11180","28592","28593","0","0","0","0","0","0","0","0","0","0","0","0","0","0","0","0"
"1649","61","0","2","29438","29439","29440","0","0","0","0","0","0","0","0","0","0","0","0","0","0","0","0"
"1738","61","0","2","31674","31675","31676","0","0","0","0","0","0","0","0","0","0","0","0","0","0","0","0"
"1853","61","0","2","44543","44545","0","0","0","0","0","0","0","0","0","0","0","0","0","0","0","0","0"
"1855","61","0","2","44557","44560","44561","0","0","0","0","0","0","0","0","0","0","0","0","0","0","0","0"
"110062","61","0","2","1131670","1131672","1155094","0","0","0","0","0","0","0","0","0","0","0","0","0","0","0","0"
"65","61","0","3","11175","12569","12571","0","0","0","0","0","0","0","0","0","0","0","0","0","0","0","0"
"1736","61","0","3","31667","31668","31669","0","0","0","0","0","0","0","0","0","0","0","0","0","0","0","0"
"110073","61","1","0","1111207","1112672","1115047","0","0","0","0","0","0","0","0","0","0","0","0","0","0","0","0"
"110070","61","1","1","1111189","1128332","0","0","0","0","0","0","0","0","0","0","0","0","0","0","0","0","0"
"111649","61","1","2","1129438","1129439","1129440","0","0","0","0","0","0","0","0","0","0","0","0","0","0","0","0"
"110065","61","1","3","1111175","1112569","1112571","0","0","0","0","0","0","0","0","0","0","0","0","0","0","0","0"
"110061","61","2","0","1111151","1112952","1112953","0","0","0","0","0","0","0","0","0","0","0","0","0","0","0","0"
"110069","61","2","1","1112472","0","0","0","0","0","0","0","0","0","0","0","0","0","0","1","0","0","0"
"110063","61","2","2","1111185","1112487","1112488","0","0","0","0","0","0","0","0","0","0","0","0","0","0","0","0"
"110741","61","3","0","1116757","1116758","0","0","0","0","0","0","0","0","0","0","0","0","0","0","0","0","0"
"110066","61","3","1","1111160","1112518","1112519","0","0","0","0","0","0","0","0","0","0","0","0","0","0","0","0"
"110067","61","3","2","1111170","1112982","1112983","0","0","0","0","0","0","0","0","0","0","0","0","0","0","0","0"
"110072","61","4","1","1111958","0","0","0","0","0","0","0","0","0","0","0","0","0","0","1","0","0","0"
"110064","61","4","2","1111190","1112489","1112490","0","0","0","0","0","0","0","0","0","0","0","0","0","0","0","0"
"111736","61","4","3","1131667","1131668","1131669","0","0","0","0","0","0","0","0","0","0","0","0","0","0","0","0"
"111737","61","5","0","1155091","1155092","0","0","0","0","0","0","0","72","0","0","0","0","0","0","0","0","0"
"110068","61","5","2","1111180","1128592","1128593","0","0","0","0","0","0","0","0","0","0","0","0","0","0","0","0"
"112214","61","6","0","1144745","1154787","0","0","0","0","0","0","0","71","0","0","0","0","0","0","0","0","0"
"110071","61","6","1","1111426","0","0","0","0","0","0","0","0","72","0","0","0","0","0","1","0","0","0"
"111738","61","6","2","1131674","1131675","1131676","0","0","0","0","0","0","0","0","0","0","0","0","0","0","0","0"
"111740","61","7","1","1131682","1131683","0","0","0","0","0","0","0","0","0","0","0","0","0","0","0","0","0"
"111853","61","7","2","1144543","1144545","0","0","0","0","0","0","0","0","0","0","0","0","0","0","0","0","0"
"111854","61","8","0","1144546","1144548","1144549","0","0","0","0","0","0","0","0","0","0","0","0","0","0","0","0"
"111741","61","8","1","1131687","0","0","0","0","0","0","0","0","0","0","0","0","0","0","1","0","0","0"
"111855","61","8","2","1144557","1144560","1144561","0","0","0","0","0","0","1741","0","0","0","0","0","0","0","0","0"
"111856","61","9","1","1144566","1144567","1144568","0","0","0","0","0","0","0","0","0","0","0","0","0","0","0","0"
"111857","61","10","1","1144572","0","0","0","0","0","0","0","0","0","0","0","0","0","0","1","0","0","0"
"43","81","0","0","102224","102225","102226","0","0","0","0","0","0","0","0","0","0","0","0","0","0","0","0"
"74","81","0","0","11210","12592","0","0","0","0","0","0","0","0","0","0","0","0","0","0","0","0","0"
"82","81","0","0","411003","411004","411005","0","0","0","0","0","0","0","0","0","0","0","0","0","0","0","0"
"83","81","0","0","11252","12605","0","0","0","0","0","0","0","0","0","0","0","0","0","0","0","0","0"
"85","81","0","0","28574","54658","54659","0","0","0","0","0","0","0","0","0","0","0","0","0","0","0","0"
"1724","81","0","0","31569","31570","0","0","0","0","0","0","0","0","0","0","0","0","0","0","0","0","0"
"1726","81","0","0","31574","31575","54354","0","0","0","0","0","0","0","0","0","0","0","0","0","0","0","0"
"1727","81","0","0","31579","31582","31583","0","0","0","0","0","0","0","0","0","0","0","0","0","0","0","0"
"26899","81","0","0","828574","828575","828576","0","0","0","0","0","0","0","0","0","0","0","0","0","0","0","0"
"52221","81","0","0","102221","102222","102223","0","0","0","0","0","0","0","0","0","0","0","0","0","0","0","0"
"110074","81","0","0","1111210","1112592","0","0","0","0","0","0","0","0","0","0","0","0","0","0","0","0","0"
"39","81","0","1","26806","26807","26808","0","0","0","0","0","0","0","0","0","0","0","0","0","0","0","0"
"81","81","0","1","11242","12467","12469","0","0","0","0","0","0","0","0","0","0","0","0","0","0","0","0"
"86","81","0","1","12043","0","0","0","0","0","0","0","0","0","0","0","0","0","0","1","0","0","0"
"87","81","0","1","12042","0","0","0","0","0","0","0","0","0","0","0","0","0","0","1","0","0","0"
"88","81","0","1","11255","12598","0","0","0","0","0","0","0","0","0","0","0","0","0","0","0","0","0"
"421","81","0","1","15058","15059","15060","0","0","0","0","0","0","0","0","0","0","0","0","0","0","0","0"
"1650","81","0","1","29441","29444","0","0","0","0","0","0","0","0","0","0","0","0","0","0","0","0","0"
"1729","81","0","1","31589","0","0","0","0","0","0","0","0","0","0","0","0","0","0","1","0","0","0"
"1843","81","0","1","44378","44379","844378","0","0","0","0","0","0","0","0","0","0","0","0","0","0","0","0"
"1846","81","0","1","44400","44402","44403","0","0","0","0","0","0","0","0","0","0","0","0","0","0","0","0"
"1847","81","0","1","44425","0","0","0","0","0","0","0","0","0","0","0","0","0","0","1","0","0","0"
"110076","81","0","1","1111222","1112839","1112840","0","0","0","0","0","0","0","0","0","0","0","0","0","0","0","0"
"75","81","0","2","11213","12574","12575","0","0","0","0","0","0","0","0","0","0","0","0","0","0","0","0"
"80","81","0","2","11237","12463","0","0","0","0","0","0","0","0","0","0","0","0","0","0","0","0","0"
"1142","81","0","2","18462","18463","18464","0","0","0","0","0","0","0","0","0","0","0","0","0","0","0","0"
"1725","81","0","2","31571","31572","0","0","0","0","0","0","0","0","0","0","0","0","0","0","0","0","0"
"1728","81","0","2","31584","31585","31586","0","0","0","0","0","0","0","0","0","0","0","0","0","0","0","0"
"1826","81","0","2","35578","35581","835581","835582","835583","0","0","0","0","0","0","0","0","0","0","0","0","0","0"
"1844","81","0","2","844394","844395","844396","0","0","0","0","0","0","0","0","0","0","0","0","0","0","0","0"
"1845","81","0","2","44397","44398","44399","0","0","0","0","0","0","0","0","0","0","0","0","0","0","0","0"
"2209","81","0","2","44404","54486","54488","0","0","0","0","0","0","0","0","0","0","0","0","0","0","0","0"
"3844","81","0","2","44394","44395","44396","0","0","0","0","0","0","0","0","0","0","0","0","0","0","0","0"
"110080","81","0","2","1111237","1112463","1112464","0","0","0","0","0","0","0","0","0","0","0","0","0","0","0","0"
"77","81","0","3","11232","12500","12501","0","0","0","0","0","0","0","0","0","0","0","0","0","0","0","0"
"2211","81","0","3","54646","0","0","0","0","0","0","0","0","0","0","0","0","0","0","1","0","0","0"
"2222","81","0","3","29447","55339","55340","0","0","0","0","0","0","0","0","0","0","0","0","0","0","0","0"
"2475","81","0","3","812575","812576","812577","0","0","0","0","0","0","0","0","0","0","0","0","0","0","0","0"
"110089","81","0","3","1112474","1112475","0","0","0","0","0","0","0","0","0","0","0","0","0","0","0","0","0"
"110085","81","1","0","1128574","1154658","1154659","0","0","0","0","0","0","0","0","0","0","0","0","0","0","0","0"
"111650","81","1","1","1129441","1129444","0","0","0","0","0","0","0","0","0","0","0","0","0","0","0","0","0"
"110075","81","1","2","1111213","1112574","1112575","0","0","0","0","0","0","0","0","0","0","0","0","0","0","0","0"
"110082","81","2","0","1111247","1112606","0","0","0","0","0","0","0","0","0","0","0","0","0","0","0","0","0"
"110081","81","2","1","1111242","1112467","1112469","0","0","0","0","0","0","0","0","0","0","0","0","0","0","0","0"
"111142","81","2","2","1118462","1118463","1118464","0","0","0","0","0","0","0","0","0","0","0","0","0","0","0","0"
"112211","81","2","3","1154646","0","0","0","0","0","0","0","0","0","0","0","0","0","0","1","0","0","0"
"110083","81","3","0","1111252","1112605","0","0","0","0","0","0","0","0","0","0","0","0","0","0","0","0","0"
"110088","81","3","1","1111255","1112598","0","0","0","0","0","0","0","0","0","0","0","0","0","0","0","0","0"
"111845","81","3","2","1144397","1144398","1144399","0","0","0","0","0","0","0","0","0","0","0","0","0","0","0","0"
"112222","81","3","3","1129447","1155339","1155340","0","0","0","0","0","0","0","0","0","0","0","0","0","0","0","0"
"111724","81","4","0","1131569","1131570","0","0","0","0","0","0","0","0","0","0","0","0","0","0","0","0","0"
"110086","81","4","1","1112043","0","0","0","0","0","0","0","0","0","0","0","0","0","0","1","0","0","0"
"110077","81","4","3","1111232","1112500","1112501","0","0","0","0","0","0","0","0","0","0","0","0","0","0","0","0"
"111726","81","5","0","1131574","1131575","1154354","0","0","0","0","0","0","0","0","0","0","0","0","0","0","0","0"
"110421","81","5","1","1115058","1115059","1115060","0","0","0","0","0","0","86","0","0","0","0","0","0","0","0","0"
"111725","81","5","2","1131571","1131572","0","0","0","0","0","0","0","86","0","0","0","0","0","0","0","0","0"
"110090","81","5","3","1112476","1112477","0","0","0","0","0","0","0","0","0","0","0","0","0","0","0","0","0"
"111727","81","6","0","1131579","1131582","1131583","0","0","0","0","0","0","0","0","0","0","0","0","0","0","0","0"
"110087","81","6","1","1112042","0","0","0","0","0","0","0","0","421","0","0","2","0","0","1","0","0","0"
"111844","81","6","2","1144394","1144395","1144396","0","0","0","0","0","0","0","0","0","0","0","0","0","0","0","0"
"111843","81","7","1","1144378","1144379","0","0","0","0","0","0","0","87","0","0","0","0","0","0","0","0","0"
"111728","81","7","2","1131584","1131585","1131586","0","0","0","0","0","0","0","0","0","0","0","0","0","0","0","0"
"111729","81","8","1","1131589","0","0","0","0","0","0","0","0","0","0","0","0","0","0","1","0","0","0"
"112209","81","8","2","1144404","1154486","1154488","0","0","0","0","0","0","0","0","0","0","0","0","0","0","0","0"
"111846","81","9","1","1144400","1144402","1144403","0","0","0","0","0","0","0","0","0","0","0","0","0","0","0","0"
"111826","81","9","2","1135578","1135581","0","0","0","0","0","0","0","0","0","0","0","0","0","0","0","0","0"
"101848","81","10","1","1191234","0","0","0","0","0","0","0","0","0","0","0","0","0","0","1","0","0","0"
"111847","81","10","1","1144425","0","0","0","0","0","0","0","0","0","0","0","0","0","0","1","0","0","0"
"110091","81","10","2","1112478","0","0","0","0","0","0","0","0","0","0","0","0","0","0","1","0","0","0"
"124","161","0","0","12282","12663","12664","0","0","0","0","0","0","0","0","0","0","0","0","0","0","0","0"
"126","161","0","0","12285","12697","0","0","0","0","0","0","0","0","0","0","0","0","0","0","0","0","0"
"131","161","0","0","12290","12963","0","0","0","0","0","0","0","0","0","0","0","0","0","0","0","0","0"
"132","161","0","0","12700","12781","12783","12784","12785","0","0","0","0","0","0","0","0","0","0","0","0","0","0"
"134","161","0","0","20504","20505","0","0","0","0","0","0","0","0","0","0","0","0","0","0","0","0","0"
"1662","161","0","0","29723","29725","29724","0","0","0","0","0","0","0","0","0","0","0","0","0","0","0","0"
"1663","161","0","0","29834","29838","0","0","0","0","0","0","0","0","0","0","0","0","0","0","0","0","0"
"2283","161","0","0","64976","864976","0","0","0","0","0","0","0","0","0","0","0","0","0","0","0","0","0"
"110124","161","0","0","1112282","1112663","1112664","0","0","0","0","0","0","0","0","0","0","0","0","0","0","0","0"
"130","161","0","1","16462","16463","16464","0","0","0","0","0","0","0","0","0","0","0","0","0","0","0","0"
"133","161","0","1","12328","0","0","0","0","0","0","0","0","0","0","0","0","0","0","1","0","0","0"
"135","161","0","1","12294","0","0","0","0","0","0","0","0","0","0","0","0","0","0","1","0","0","0"
"136","161","0","1","12163","12711","12712","0","0","0","0","0","0","0","0","0","0","0","0","0","0","0","0"
"137","161","0","1","12296","812296","812297","0","0","0","0","0","0","0","0","0","0","0","0","1","0","0","0"
"641","161","0","1","12300","12959","12960","0","0","0","0","0","0","0","0","0","0","0","0","0","0","0","0"
"1661","161","0","1","29623","0","0","0","0","0","0","0","0","0","0","0","0","0","0","1","0","0","0"
"1824","161","0","1","35446","35448","35449","0","0","0","0","0","0","0","0","0","0","0","0","0","0","0","0"
"1863","161","0","1","46924","0","0","0","0","0","0","0","0","0","0","0","0","0","0","1","0","0","0"
"2231","161","0","1","46867","56611","56612","0","0","0","0","0","0","0","0","0","0","0","0","0","0","0","0"
"110130","161","0","1","1116462","1116463","1116464","1116465","1116466","0","0","0","0","0","0","0","0","0","0","0","0","0","0"
"125","161","0","2","12284","12701","12702","12703","12704","0","0","0","0","0","0","0","0","0","0","0","0","0","0"
"127","161","0","2","12286","12658","0","0","0","0","0","0","0","0","0","0","0","0","0","0","0","0","0"
"128","161","0","2","12295","12676","12677","0","0","0","0","0","0","0","0","0","0","0","0","0","0","0","0"
"129","161","0","2","12289","12668","23695","0","0","0","0","0","0","0","0","0","0","0","0","0","0","0","0"
"662","161","0","2","16493","16494","0","0","0","0","0","0","0","0","0","0","0","0","0","0","0","0","0"
"1664","161","0","2","29836","29859","0","0","0","0","0","0","0","0","0","0","0","0","0","0","0","0","0"
"1860","161","0","2","46859","46860","0","0","0","0","0","0","0","0","0","0","0","0","0","0","0","0","0"
"1862","161","0","2","46865","46866","0","0","0","0","0","0","0","0","0","0","0","0","0","0","0","0","0"
"2232","161","0","2","56636","56637","56638","0","0","0","0","0","0","0","0","0","0","0","0","0","0","0","0"
"110127","161","0","2","1112286","1112658","0","0","0","0","0","0","0","0","0","0","0","0","0","0","0","0","0"
"121","161","0","3","12834","12849","12867","0","0","0","0","0","0","0","0","0","0","0","0","0","0","0","0"
"123","161","0","3","12281","12812","12813","12814","12815","0","0","0","0","0","0","0","0","0","0","0","0","0","0"
"1859","161","0","3","46854","46855","0","0","0","0","0","0","0","0","0","0","0","0","0","0","0","0","0"
"2233","161","0","3","12862","12330","0","0","0","0","0","0","0","0","0","0","0","0","0","0","0","0","0"
"110126","161","1","0","1112285","1112697","0","0","0","0","0","0","0","0","0","0","0","0","0","0","0","0","0"
"110641","161","1","1","1112300","1112959","1112960","0","0","0","0","0","0","0","0","0","0","0","0","0","0","0","0"
"110128","161","1","2","1112295","1112676","1112677","0","0","0","0","0","0","0","0","0","0","0","0","0","0","0","0"
"110131","161","2","0","1112290","1112963","0","0","0","0","0","0","0","0","0","0","0","0","0","0","0","0","0"
"110137","161","2","1","1112296","0","0","0","0","0","0","0","0","0","0","0","0","0","0","1","0","0","0"
"110662","161","2","2","1116493","1116494","0","0","0","0","0","0","0","0","0","0","0","0","0","0","0","0","0"
"110121","161","2","3","1112834","1112849","1112867","0","0","0","0","0","0","662","0","0","1","0","0","0","0","0","0"
"110136","161","3","1","1112163","1112711","1112712","0","0","0","0","0","0","0","0","0","0","0","0","0","0","0","0"
"112232","161","3","2","1156636","1156637","1156638","0","0","0","0","0","0","0","0","0","0","0","0","0","0","0","0"
"110132","161","4","0","1112700","1112781","1112783","1112784","1112785","0","0","0","0","0","0","0","0","0","0","0","0","0","0"
"110133","161","4","1","1112328","0","0","0","0","0","0","0","0","0","0","0","0","0","0","1","0","0","0"
"110125","161","4","2","1112284","1112701","1112702","1112703","1112704","0","0","0","0","0","0","0","0","0","0","0","0","0","0"
"110123","161","4","3","1112281","1112812","1112813","1112814","1112815","0","0","0","0","0","0","0","0","0","0","0","0","0","0"
"110134","161","5","0","1120504","1120505","0","0","0","0","0","0","0","0","0","0","0","0","0","0","0","0","0"
"110129","161","5","2","1112289","1112668","1123695","0","0","0","0","0","0","0","0","0","0","0","0","0","0","0","0"
"111859","161","5","3","1146854","1146855","0","0","0","0","0","0","0","0","0","0","0","0","0","0","0","0","0"
"111663","161","6","0","1129834","1129838","0","0","0","0","0","0","0","0","0","0","0","0","0","0","0","0","0"
"110135","161","6","1","1112294","0","0","0","0","0","0","0","0","133","0","0","0","0","0","1","0","0","0"
"111862","161","6","2","1146865","1146866","0","0","0","0","0","0","0","0","0","0","0","0","0","0","0","0","0"
"112233","161","6","3","1112862","1112330","0","0","0","0","0","0","0","0","0","0","0","0","0","0","0","0","0"
"112283","161","7","0","1164976","0","0","0","0","0","0","0","0","0","0","0","0","0","0","0","0","0","0"
"111824","161","7","1","1135446","1135448","0","0","0","0","0","0","0","135","0","0","0","0","0","0","0","0","0"
"111860","161","7","2","1146859","1146860","0","0","0","0","0","0","0","0","0","0","0","0","0","0","0","0","0"
"111662","161","8","0","1129723","1129725","1129724","0","0","0","0","0","0","0","0","0","0","0","0","0","0","0","0"
"111661","161","8","1","1129623","0","0","0","0","0","0","0","0","0","0","0","0","0","0","1","0","0","0"
"111664","161","8","2","1129836","1129859","0","0","0","0","0","0","0","0","0","0","0","0","0","0","0","0","0"
"112231","161","9","1","1146867","1156611","1156612","0","0","0","0","0","0","0","0","0","0","0","0","0","0","0","0"
"111863","161","10","1","1146924","0","0","0","0","0","0","0","0","0","0","0","0","0","0","1","0","0","0"
"142","163","0","0","12301","12818","0","0","0","0","0","0","0","0","0","0","0","0","0","0","0","0","0"
"150","163","0","0","12312","12803","812803","0","0","0","0","0","0","0","0","0","0","0","0","0","0","0","0"
"153","163","0","0","12975","0","0","0","0","0","0","0","0","0","0","0","0","0","0","1","0","0","0"
"1652","163","0","0","29593","29594","0","0","0","0","0","0","0","0","0","0","0","0","0","0","0","0","0"
"2236","163","0","0","57499","857499","0","0","0","0","0","0","0","0","0","0","0","0","0","0","0","0","0"
"2247","163","0","0","59088","59089","0","0","0","0","0","0","0","0","0","0","0","0","0","0","0","0","0"
"5001","163","0","0","954195","954196","954197","0","0","0","0","0","0","0","0","0","0","0","0","0","0","0","0"
"110142","163","0","0","1112301","1112818","0","0","0","0","0","0","0","0","0","0","0","0","0","0","0","0","0"
"144","163","0","1","50685","50686","50687","0","0","0","0","0","0","0","0","0","0","0","0","0","0","0","0"
"147","163","0","1","12797","12799","0","0","0","0","0","0","0","0","0","0","0","0","0","0","0","0","0"
"148","163","0","1","50720","0","0","0","0","0","0","0","0","0","0","0","0","0","0","1","0","0","0"
"151","163","0","1","12313","12804","0","0","0","0","0","0","0","0","0","0","0","0","0","0","0","0","0"
"152","163","0","1","12809","0","0","0","0","0","0","0","0","0","0","0","0","0","0","1","0","0","0"
"1601","163","0","1","12298","12724","12725","0","0","0","0","0","0","0","0","0","0","0","0","0","0","0","0"
"1653","163","0","1","29140","29143","29144","0","0","0","0","0","0","0","0","0","0","0","0","0","0","0","0"
"1871","163","0","1","46951","46952","46953","0","0","0","0","0","0","0","0","0","0","0","0","0","0","0","0"
"1872","163","0","1","46968","0","0","0","0","0","0","0","0","0","0","0","0","0","0","1","0","0","0"
"111601","163","0","1","1112298","1112724","1112725","1112726","1112727","0","0","0","0","0","0","0","0","0","0","0","0","0","0"
"138","163","0","2","12297","12750","12751","12752","12753","0","0","0","0","0","0","0","0","0","0","0","0","0","0"
"141","163","0","2","12287","12665","12666","0","0","0","0","0","0","0","0","0","0","0","0","0","0","0","0"
"146","163","0","2","12308","12810","12811","0","0","0","0","0","0","0","0","0","0","0","0","0","0","0","0"
"149","163","0","2","12311","12958","0","0","0","0","0","0","0","0","0","0","0","0","0","0","0","0","0"
"702","163","0","2","16538","16539","16540","16541","16542","0","0","0","0","0","0","0","0","0","0","0","0","0","0"
"1654","163","0","2","29598","29599","0","0","0","0","0","0","0","0","0","0","0","0","0","0","0","0","0"
"1660","163","0","2","29787","29790","29792","0","0","0","0","0","0","0","0","0","0","0","0","0","0","0","0"
"1870","163","0","2","46945","46949","0","0","0","0","0","0","0","0","0","0","0","0","0","0","0","0","0"
"1893","163","0","2","47294","47295","47296","0","0","0","0","0","0","0","0","0","0","0","0","0","0","0","0"
"2246","163","0","2","58872","58874","0","0","0","0","0","0","0","0","0","0","0","0","0","0","0","0","0"
"110141","163","0","2","1112287","1112665","1112666","0","0","0","0","0","0","0","0","0","0","0","0","0","0","0","0"
"140","163","0","3","12299","12761","12762","0","0","0","0","0","0","0","0","0","0","0","0","0","0","0","0"
"110144","163","1","1","1150685","1150686","1150687","0","0","0","0","0","0","0","0","0","0","0","0","0","0","0","0"
"110138","163","1","2","1112297","1112750","1112751","1112752","1112753","0","0","0","0","0","0","0","0","0","0","0","0","0","0"
"110153","163","2","0","1112975","0","0","0","0","0","0","0","0","0","0","0","0","0","0","1","0","0","0"
"110147","163","2","1","1112797","1112799","0","0","0","0","0","0","0","0","0","0","0","0","0","0","0","0","0"
"111654","163","2","2","1129598","1129599","0","0","0","0","0","0","0","0","0","0","0","0","0","0","0","0","0"
"110140","163","2","3","1112299","1112761","1112762","0","0","0","0","0","0","0","0","0","0","0","0","0","0","0","0"
"112247","163","3","0","1159088","1159089","0","0","0","0","0","0","0","0","0","0","0","0","0","0","0","0","0"
"110151","163","3","1","1112313","1112804","0","0","0","0","0","0","0","0","0","0","0","0","0","0","0","0","0"
"110146","163","3","2","1112308","1112810","1112811","0","0","0","0","0","0","0","0","0","0","0","0","0","0","0","0"
"110150","163","4","0","1112312","1112803","0","0","0","0","0","0","0","0","0","0","0","0","0","0","0","0","0"
"110152","163","4","1","1112809","0","0","0","0","0","0","0","0","0","0","0","0","0","0","1","0","0","0"
"110149","163","4","2","1112311","1112958","0","0","0","0","0","0","0","0","0","0","0","0","0","0","0","0","0"
"110702","163","5","2","1116538","1116539","1116540","1116541","1116542","0","0","0","0","0","0","0","0","0","0","0","0","0","0"
"111652","163","6","0","1129593","1129594","0","0","0","0","0","0","0","0","0","0","0","0","0","0","0","0","0"
"110148","163","6","1","1150720","0","0","0","0","0","0","0","0","152","0","0","0","0","0","1","0","0","0"
"111660","163","6","2","1129787","1129790","1129792","0","0","0","0","0","0","0","0","0","0","0","0","0","0","0","0"
"111653","163","7","1","1129140","1129143","1129144","0","0","0","0","0","0","0","0","0","0","0","0","0","0","0","0"
"111870","163","7","2","1146945","1146949","0","0","0","0","0","0","0","0","0","0","0","0","0","0","0","0","0"
"112236","163","8","0","1157499","0","0","0","0","0","0","0","0","0","0","0","0","0","0","0","0","0","0"
"111893","163","8","2","1147294","1147295","1147296","0","0","0","0","0","0","0","0","0","0","0","0","0","0","0","0"
"111871","163","9","1","1146951","1146952","1146953","0","0","0","0","0","0","1666","0","0","0","0","0","0","0","0","0"
"112246","163","9","2","1158872","1158874","0","0","0","0","0","0","0","0","0","0","0","0","0","0","0","0","0"
"111872","163","10","1","1146968","0","0","0","0","0","0","0","0","0","0","0","0","0","0","1","0","0","0"
"112250","164","0","0","1161216","1161221","1161222","0","0","0","0","0","0","0","0","0","0","0","0","0","0","0","0"
"166","164","0","0","12329","12950","20496","0","0","0","0","0","0","0","0","0","0","0","0","0","0","0","0"
"1541","164","0","0","20500","20501","820501","0","0","0","0","0","0","0","0","0","0","0","0","0","0","0","0"
"1581","164","0","0","23584","23585","23586","0","0","0","0","0","0","0","0","0","0","0","0","0","0","0","0"
"1657","164","0","0","29590","29591","29592","0","0","0","0","0","0","0","0","0","0","0","0","0","0","0","0"
"1864","164","0","0","46908","46909","56924","0","0","0","0","0","0","0","0","0","0","0","0","0","0","0","0"
"1865","164","0","0","46910","46911","0","0","0","0","0","0","0","0","0","0","0","0","0","0","0","0","0"
"1868","164","0","0","60970","0","0","0","0","0","0","0","0","0","0","0","0","0","0","1","0","0","0"
"2250","164","0","0","61216","61221","61222","0","0","0","0","0","0","0","0","0","0","0","0","0","0","0","0"
"158","164","0","1","12321","12835","0","0","0","0","0","0","0","0","0","0","0","0","0","0","0","0","0"
"160","164","0","1","12323","0","0","0","0","0","0","0","0","0","0","0","0","0","0","1","0","0","0"
"161","164","0","1","12324","12876","12877","0","0","0","0","0","0","0","0","0","0","0","0","0","0","0","0"
"165","164","0","1","12292","0","0","0","0","0","0","0","0","0","0","0","0","0","0","1","0","0","0"
"167","164","0","1","23881","0","0","0","0","0","0","0","0","0","0","0","0","0","0","1","0","0","0"
"1542","164","0","1","20502","20503","820503","0","0","0","0","0","0","0","0","0","0","0","0","0","0","0","0"
"1659","164","0","1","29801","0","0","0","0","0","0","0","0","0","0","0","0","0","0","1","0","0","0"
"1867","164","0","1","46917","0","0","0","0","0","0","0","0","0","0","0","0","0","0","1","0","0","0"
"2234","164","0","1","56927","56929","56930","0","0","0","0","0","0","0","0","0","0","0","0","0","0","0","0"
"5541","164","0","1","32512","32513","0","0","0","0","0","0","0","0","0","0","0","0","0","0","0","0","0"
"110158","164","0","1","1112321","1112835","0","0","0","0","0","0","0","0","0","0","0","0","0","0","0","0","0"
"155","164","0","2","12317","13045","13046","13047","13048","0","0","0","0","0","0","0","0","0","0","0","0","0","0"
"156","164","0","2","12319","12971","12972","0","0","0","0","0","0","0","0","0","0","0","0","0","0","0","0"
"157","164","0","2","12320","12852","12853","12855","12856","0","0","0","0","0","0","0","0","0","0","0","0","0","0"
"159","164","0","2","12322","12999","0","0","0","0","0","0","0","0","0","0","0","0","0","0","0","0","0"
"661","164","0","2","16487","16489","16492","0","0","0","0","0","0","0","0","0","0","0","0","0","0","0","0"
"1543","164","0","2","29888","29889","0","0","0","0","0","0","0","0","0","0","0","0","0","0","0","0","0"
"1866","164","0","2","46913","46914","46915","0","0","0","0","0","0","0","0","0","0","0","0","0","0","0","0"
"3500","164","0","2","813715","813716","813717","813718","813719","0","0","0","0","0","0","0","0","0","0","0","0","0","0"
"110157","164","0","2","1112320","1112852","1112853","1112855","1112856","0","0","0","0","0","0","0","0","0","0","0","0","0","0"
"154","164","0","3","12318","12857","0","0","0","0","0","0","0","0","0","0","0","0","0","0","0","0","0"
"1655","164","0","3","29721","29776","0","0","0","0","0","0","0","0","0","0","0","0","0","0","0","0","0"
"1658","164","0","3","29759","29760","29761","0","0","0","0","0","0","0","0","0","0","0","0","0","0","0","0"
"5000","164","0","3","954192","954193","954194","0","0","0","0","0","0","0","0","0","0","0","0","0","0","0","0"
"110161","164","1","1","1112324","1112876","1112877","1112878","1112879","0","0","0","0","0","0","0","0","0","0","0","0","0","0"
"110159","164","1","2","1112322","1112999","1113000","1113001","1113002","0","0","0","0","0","0","0","0","0","0","0","0","0","0"
"110166","164","2","0","1112329","1112950","1120496","0","0","0","0","0","0","0","0","0","0","0","0","0","0","0","0"
"110160","164","2","1","1112323","0","0","0","0","0","0","0","0","0","0","0","0","0","0","1","0","0","0"
"110661","164","2","2","1116487","1116489","1116492","0","0","0","0","0","0","0","0","0","0","0","0","0","0","0","0"
"110154","164","2","3","1112318","1112857","1112858","1112860","1112861","0","0","0","0","0","0","0","0","0","0","0","0","0","0"
"111581","164","3","0","1123584","1123585","1123586","1123587","1123588","0","0","0","0","0","0","0","0","0","0","0","0","0","0"
"111542","164","3","1","1120502","1120503","0","0","0","0","0","0","0","0","0","0","0","0","0","0","0","0","0"
"110155","164","3","2","1112317","1113045","1113046","1113047","1113048","0","0","0","0","0","0","0","0","0","0","0","0","0","0"
"111657","164","4","0","1129590","1129591","1129592","0","0","0","0","0","0","0","0","0","0","0","0","0","0","0","0"
"110165","164","4","1","1112292","0","0","0","0","0","0","0","0","0","0","0","0","0","0","1","0","0","0"
"111543","164","4","2","1129888","1129889","0","0","0","0","0","0","0","0","0","0","0","0","0","0","0","0","0"
"111541","164","5","0","1120500","1120501","0","0","0","0","0","0","0","0","0","0","0","0","0","0","0","0","0"
"110156","164","5","2","1112319","1112971","1112972","0","0","0","0","0","0","0","0","0","0","0","0","0","0","0","0"
"111864","164","6","0","1146908","1146909","1156924","0","0","0","0","0","0","0","0","0","0","0","0","0","0","0","0"
"110167","164","6","1","1123881","0","0","0","0","0","0","0","0","165","0","0","0","0","0","1","0","0","0"
"111655","164","6","3","1129721","1129776","0","0","0","0","0","0","0","0","0","0","0","0","0","0","0","0","0"
"111865","164","7","0","1146910","1146911","0","0","0","0","0","0","0","0","0","0","0","0","0","0","0","0","0"
"111658","164","7","3","1129759","1129760","1129761","1129762","1129763","0","0","0","0","0","0","0","0","0","0","0","0","0","0"
"111868","164","8","0","1160970","0","0","0","0","0","0","0","0","0","0","0","0","0","0","1","0","0","0"
"111659","164","8","1","1129801","0","0","0","0","0","0","0","0","167","0","0","0","0","0","1","0","0","0"
"111866","164","8","2","1146913","1146914","1146915","0","0","0","0","0","0","167","0","0","0","0","0","0","0","0","0"
"112234","164","9","1","1156927","1156929","1156930","0","0","0","0","0","0","0","0","0","0","0","0","0","0","0","0"
"111867","164","10","1","1146917","0","0","0","0","0","0","0","0","0","0","0","0","0","0","0","0","0","0"
"184","181","0","0","13709","13800","13801","13802","13803","0","0","0","0","0","0","0","0","0","0","0","0","0","0"
"203","181","0","0","13741","13793","13792","0","0","0","0","0","0","0","0","0","0","0","0","0","0","0","0"
"204","181","0","0","13742","13872","0","0","0","0","0","0","0","0","0","0","0","0","0","0","0","0","0"
"206","181","0","0","13754","13867","0","0","0","0","0","0","0","0","0","0","0","0","0","0","0","0","0"
"1705","181","0","0","31122","31123","61329","0","0","0","0","0","0","0","0","0","0","0","0","0","0","0","0"
"1827","181","0","0","14165","14166","0","0","0","0","0","0","0","0","0","0","0","0","0","0","0","0","0"
"2072","181","0","0","5952","51679","0","0","0","0","0","0","0","0","0","0","0","0","0","0","0","0","0"
"2073","181","0","0","51672","51674","0","0","0","0","0","0","0","0","0","0","0","0","0","0","0","0","0"
"110203","181","0","0","1113741","1113793","1113792","0","0","0","0","0","0","0","0","0","0","0","0","0","0","0","0"
"187","181","0","1","13713","13853","13854","0","0","0","0","0","0","0","0","0","0","0","0","0","0","0","0"
"201","181","0","1","13732","13863","0","0","0","0","0","0","0","0","0","0","0","0","0","0","0","0","0"
"205","181","0","1","13750","0","0","0","0","0","0","0","0","0","0","0","0","0","0","1","0","0","0"
"222","181","0","1","13743","13875","0","0","0","0","0","0","0","0","0","0","0","0","0","0","0","0","0"
"223","181","0","1","13877","0","0","0","0","0","0","0","0","0","0","0","0","0","0","1","0","0","0"
"301","181","0","1","14251","0","0","0","0","0","0","0","0","0","0","0","0","0","0","1","0","0","0"
"1703","181","0","1","30919","30920","0","0","0","0","0","0","0","0","0","0","0","0","0","0","0","0","0"
"1709","181","0","1","32601","0","0","0","0","0","0","0","0","0","0","0","0","0","0","1","0","0","0"
"2075","181","0","1","51685","51686","51687","0","0","0","0","0","0","0","0","0","0","0","0","0","0","0","0"
"2076","181","0","1","51690","0","0","0","0","0","0","0","0","0","0","0","0","0","0","1","0","0","0"
"110201","181","0","1","1113732","1113863","0","0","0","0","0","0","0","0","0","0","0","0","0","0","0","0","0"
"182","181","0","2","13706","13804","13805","13806","13807","0","0","0","0","0","0","0","0","0","0","0","0","0","0"
"186","181","0","2","13712","13788","13789","0","0","0","0","0","0","0","0","0","0","0","0","0","0","0","0"
"221","181","0","2","13715","13848","13849","13851","13852","0","0","0","0","0","0","0","0","0","0","0","0","0","0"
"242","181","0","2","13960","13961","13962","0","0","0","0","0","0","0","0","0","0","0","0","0","0","0","0"
"1706","181","0","2","31124","31126","0","0","0","0","0","0","0","0","0","0","0","0","0","0","0","0","0"
"1707","181","0","2","31130","31131","0","0","0","0","0","0","0","0","0","0","0","0","0","0","0","0","0"
"1825","181","0","2","35541","35550","35551","0","0","0","0","0","0","0","0","0","0","0","0","0","0","0","0"
"2074","181","0","2","51682","58413","0","0","0","0","0","0","0","0","0","0","0","0","0","0","0","0","0"
"80201","181","0","2","1106937","1106938","0","0","0","0","0","0","0","0","0","0","0","0","0","0","0","0","0"
"110221","181","0","2","1113715","1113848","1113849","1113851","1113852","0","0","0","0","0","0","0","0","0","0","0","0","0","0"
"181","181","0","3","13705","13832","13843","13844","13845","0","0","0","0","0","0","0","0","0","0","0","0","0","0"
"1122","181","0","3","18427","18428","18429","61330","61331","0","0","0","0","0","0","0","0","0","0","0","0","0","0"
"80202","181","0","3","1106929","1106930","1106931","1106932","1106933","0","0","0","0","0","0","0","0","0","0","0","0","0","0"
"111827","181","1","0","1114165","1114166","0","0","0","0","0","0","0","0","0","0","0","0","0","0","0","0","0"
"110187","181","1","1","1113713","1113853","1113854","0","0","0","0","0","0","0","0","0","0","0","0","0","0","0","0"
"110181","181","1","3","1113705","1113832","1113843","1113844","1113845","0","0","0","0","0","0","0","0","0","0","0","0","0","0"
"110204","181","2","0","1113742","1113872","0","0","0","0","0","0","0","0","0","0","0","0","0","0","0","0","0"
"110301","181","2","1","1114251","0","0","0","0","0","0","0","0","187","0","0","2","0","0","1","0","0","0"
"110182","181","2","2","1113706","1113804","1113805","1113806","1113807","0","0","0","0","221","0","0","4","0","0","0","0","0","0"
"110206","181","3","0","1113754","1113867","0","0","0","0","0","0","0","0","0","0","0","0","0","0","0","0","0"
"110222","181","3","1","1113743","1113875","0","0","0","0","0","0","0","0","0","0","0","0","0","0","0","0","0"
"110186","181","3","2","1113712","1113788","1113789","0","0","0","0","0","0","0","0","0","0","0","0","0","0","0","0"
"111122","181","3","3","1118427","1118428","1118429","1161330","1161331","0","0","0","0","0","0","0","0","0","0","0","0","0","0"
"110184","181","4","0","1113709","1113800","1113801","1113802","1113803","0","0","0","0","0","0","0","0","0","0","0","0","0","0"
"110223","181","4","1","1113877","0","0","0","0","0","0","0","0","0","0","0","0","0","0","1","0","0","0"
"110242","181","4","2","1113960","1113961","1113962","1113963","1113964","0","0","0","0","0","0","0","0","0","0","0","0","0","0"
"111703","181","5","1","1130919","1130920","0","0","0","0","0","0","0","223","0","0","0","0","0","0","0","0","0"
"111706","181","5","2","1131124","1131126","0","0","0","0","0","0","0","0","0","0","0","0","0","0","0","0","0"
"111705","181","6","0","1131122","1131123","1161329","0","0","0","0","0","0","0","0","0","0","0","0","0","0","0","0"
"110205","181","6","1","1113750","0","0","0","0","0","0","0","0","0","0","0","0","0","0","1","0","0","0"
"111707","181","6","2","1131130","1131131","0","0","0","0","0","0","0","0","0","0","0","0","0","0","0","0","0"
"112072","181","7","0","1105952","1151679","0","0","0","0","0","0","0","0","0","0","0","0","0","0","0","0","0"
"111825","181","7","2","1135541","1135550","1135551","0","0","0","0","0","0","0","0","0","0","0","0","0","0","0","0"
"112073","181","8","0","1151672","1151674","0","0","0","0","0","0","0","0","0","0","0","0","0","0","0","0","0"
"111709","181","8","1","1132601","0","0","0","0","0","0","0","0","205","0","0","0","0","0","1","0","0","0"
"112074","181","8","2","1151682","1158413","0","0","0","0","0","0","0","0","0","0","0","0","0","0","0","0","0"
"112075","181","9","1","1151685","1151686","1151687","0","0","0","0","0","0","0","0","0","0","0","0","0","0","0","0"
"112076","181","10","1","1151690","0","0","0","0","0","0","0","0","0","0","0","0","0","0","1","0","0","0"
"273","182","0","0","14156","14160","14161","0","0","0","0","0","0","0","0","0","0","0","0","0","0","0","0"
"276","182","0","0","14162","14163","14164","0","0","0","0","0","0","0","0","0","0","0","0","0","0","0","0"
"382","182","0","0","14983","814983","0","0","0","0","0","0","0","0","0","0","0","0","0","0","0","0","0"
"1715","182","0","0","31226","31227","58410","0","0","0","0","0","0","0","0","0","0","0","0","0","0","0","0"
"1721","182","0","0","31208","31209","0","0","0","0","0","0","0","0","0","0","0","0","0","0","0","0","0"
"2065","182","0","0","51625","51626","0","0","0","0","0","0","0","0","0","0","0","0","0","0","0","0","0"
"2069","182","0","0","51634","51635","51636","0","0","0","0","0","0","0","0","0","0","0","0","0","0","0","0"
"110276","182","0","0","1114162","1114163","1114164","0","0","0","0","0","0","0","0","0","0","0","0","0","0","0","0"
"272","182","0","1","14144","14148","0","0","0","0","0","0","0","0","0","0","0","0","0","0","0","0","0"
"278","182","0","1","14168","14169","0","0","0","0","0","0","0","0","0","0","0","0","0","0","0","0","0"
"280","182","0","1","14177","0","0","0","0","0","0","0","0","0","0","0","0","0","0","1","0","0","0"
"281","182","0","1","58426","858428","0","0","0","0","0","0","0","0","0","0","0","0","0","1","0","0","0"
"283","182","0","1","14186","14190","14193","0","0","0","0","0","0","0","0","0","0","0","0","0","0","0","0"
"682","182","0","1","16513","16514","16515","0","0","0","0","0","0","0","0","0","0","0","0","0","0","0","0"
"1719","182","0","1","1329","0","0","0","0","0","0","0","0","0","0","0","0","0","0","1","0","0","0"
"2068","182","0","1","51632","51633","0","0","0","0","0","0","0","0","0","0","0","0","0","0","0","0","0"
"2070","182","0","1","51664","51665","51667","0","0","0","0","0","0","0","0","0","0","0","0","0","0","0","0"
"2071","182","0","1","51662","0","0","0","0","0","0","0","0","0","0","0","0","0","0","1","0","0","0"
"110272","182","0","1","1114144","1114148","0","0","0","0","0","0","0","0","0","0","0","0","0","0","0","0","0"
"268","182","0","2","14113","14114","14115","14116","14117","0","0","0","0","0","0","0","0","0","0","0","0","0","0"
"269","182","0","2","14128","14132","14135","14136","14137","0","0","0","0","0","0","0","0","0","0","0","0","0","0"
"270","182","0","2","14138","14139","14140","14141","14142","0","0","0","0","0","0","0","0","0","0","0","0","0","0"
"274","182","0","2","14158","14159","0","0","0","0","0","0","0","0","0","0","0","0","0","0","0","0","0"
"279","182","0","2","14174","14175","0","0","0","0","0","0","0","0","0","0","0","0","0","0","0","0","0"
"1718","182","0","2","31234","31235","31236","0","0","0","0","0","0","0","0","0","0","0","0","0","0","0","0"
"1723","182","0","2","31380","31382","31383","0","0","0","0","0","0","0","0","0","0","0","0","0","0","0","0"
"2066","182","0","2","51627","51628","51629","0","0","0","0","0","0","0","0","0","0","0","0","0","0","0","0"
"110270","182","0","2","1114138","1114139","1114140","1114141","1114142","0","0","0","0","0","0","0","0","0","0","0","0","0","0"
"277","182","0","3","13733","13865","13866","0","0","0","0","0","0","0","0","0","0","0","0","0","0","0","0"
"1762","182","0","3","31244","31245","0","0","0","0","0","0","0","0","0","0","0","0","0","0","0","0","0"
"110273","182","1","0","1114156","1114160","1114161","0","0","0","0","0","0","0","0","0","0","0","0","0","0","0","0"
"112068","182","1","1","1151632","1151633","0","0","0","0","0","0","0","0","0","0","0","0","0","0","0","0","0"
"110277","182","1","3","1113733","1113865","1113866","0","0","0","0","0","0","0","0","0","0","0","0","0","0","0","0"
"110382","182","2","0","1114983","0","0","0","0","0","0","0","0","0","0","0","0","0","0","0","0","0","0"
"110278","182","2","1","1114168","1114169","0","0","0","0","0","0","0","0","0","0","0","0","0","0","0","0","0"
"110269","182","2","2","1114128","1114132","1114135","1114136","1114137","0","0","0","0","270","0","0","4","0","0","0","0","0","0"
"110682","182","3","1","1116513","1116514","1116515","0","0","0","0","0","0","0","0","0","0","0","0","0","0","0","0"
"110268","182","3","2","1114113","1114114","1114115","1114116","1114117","0","0","0","0","0","0","0","0","0","0","0","0","0","0"
"111721","182","4","0","1131208","1131209","0","0","0","0","0","0","0","0","0","0","0","0","0","0","0","0","0"
"110280","182","4","1","1114177","0","0","0","0","0","0","0","0","0","0","0","0","0","0","1","0","0","0"
"110279","182","4","2","1114174","1114175","1114176","0","0","0","0","0","0","0","0","0","0","0","0","0","0","0","0"
"111762","182","4","3","1131244","1131245","0","0","0","0","0","0","0","0","0","0","0","0","0","0","0","0","0"
"110283","182","5","1","1114186","1114190","1114193","0","0","0","0","0","0","280","0","0","0","0","0","0","0","0","0"
"110274","182","5","2","1114158","1114159","0","0","0","0","0","0","0","0","0","0","0","0","0","0","0","0","0"
"112065","182","6","0","1151625","1151626","0","0","0","0","0","0","0","0","0","0","0","0","0","0","0","0","0"
"110281","182","6","1","1158426","0","0","0","0","0","0","0","0","0","0","0","0","0","0","1","0","0","0"
"111723","182","6","2","1131380","1131382","1131383","0","0","0","0","0","0","0","0","0","0","0","0","0","0","0","0"
"112069","182","7","0","1151634","1151635","1151636","0","0","0","0","0","0","0","0","0","0","0","0","0","0","0","0"
"111718","182","7","2","1131234","1131235","1131236","0","0","0","0","0","0","0","0","0","0","0","0","0","0","0","0"
"111715","182","8","0","1131226","1131227","1158410","0","0","0","0","0","0","0","0","0","0","0","0","0","0","0","0"
"111719","182","8","1","1101329","0","0","0","0","0","0","0","0","281","0","0","0","0","0","1","0","0","0"
"112066","182","8","2","1151627","1151628","1151629","0","0","0","0","0","0","0","0","0","0","0","0","0","0","0","0"
"112070","182","9","1","1151664","1151665","1151667","0","0","0","0","0","0","0","0","0","0","0","0","0","0","0","0"
"112071","182","10","1","1151662","0","0","0","0","0","0","0","0","0","0","0","0","0","0","1","0","0","0"
"112244","183","0","0","1114179","1158422","1158423","1158424","1158425","0","0","0","0","0","0","0","0","0","0","0","0","0","0"
"246","183","0","0","13983","14070","14071","0","0","0","0","0","0","0","0","0","0","0","0","0","0","0","0"
"247","183","0","0","13981","14066","0","0","0","0","0","0","0","0","0","0","0","0","0","0","0","0","0"
"1700","183","0","0","30892","30893","0","0","0","0","0","0","0","0","0","0","0","0","0","0","0","0","0"
"1701","183","0","0","30894","30895","0","0","0","0","0","0","0","0","0","0","0","0","0","0","0","0","0"
"1711","183","0","0","31211","31212","31213","0","0","0","0","0","0","0","0","0","0","0","0","0","0","0","0"
"1713","183","0","0","31221","31222","31223","0","0","0","0","0","0","0","0","0","0","0","0","0","0","0","0"
"2078","183","0","0","51698","51700","51701","0","0","0","0","0","0","0","0","0","0","0","0","0","0","0","0"
"2244","183","0","0","14179","58422","58423","0","0","0","0","0","0","0","0","0","0","0","0","0","0","0","0"
"241","183","0","1","13958","13970","13971","0","0","0","0","0","0","0","0","0","0","0","0","0","0","0","0"
"245","183","0","1","13976","13979","13980","0","0","0","0","0","0","0","0","0","0","0","0","0","0","0","0"
"262","183","0","1","14076","14094","0","0","0","0","0","0","0","0","0","0","0","0","0","0","0","0","0"
"284","183","0","1","14185","0","0","0","0","0","0","0","0","0","0","0","0","0","0","1","0","0","0"
"303","183","0","1","14278","0","0","0","0","0","0","0","0","0","0","0","0","0","0","1","0","0","0"
"381","183","0","1","14183","0","0","0","0","0","0","0","0","0","0","0","0","0","0","1","0","0","0"
"1712","183","0","1","31216","31217","31218","0","0","0","0","0","0","0","0","0","0","0","0","0","0","0","0"
"2080","183","0","1","51708","51709","51710","0","0","0","0","0","0","0","0","0","0","0","0","0","0","0","0"
"2081","183","0","1","51713","0","0","0","0","0","0","0","0","0","0","0","0","0","0","1","0","0","0"
"110241","183","0","1","1113958","1113970","1113971","0","0","0","0","0","0","0","0","0","0","0","0","0","0","0","0"
"244","183","0","2","13975","14062","14063","0","0","0","0","0","0","0","0","0","0","0","0","0","0","0","0"
"261","183","0","2","14057","14072","0","0","0","0","0","0","0","0","0","0","0","0","0","0","0","0","0"
"263","183","0","2","14079","14080","0","0","0","0","0","0","0","0","0","0","0","0","0","0","0","0","0"
"265","183","0","2","14082","14083","0","0","0","0","0","0","0","0","0","0","0","0","0","0","0","0","0"
"1123","183","0","2","14171","14172","14173","0","0","0","0","0","0","0","0","0","0","0","0","0","0","0","0"
"1702","183","0","2","30902","30903","30904","30905","30906","0","0","0","0","0","0","0","0","0","0","0","0","0","0"
"1722","183","0","2","31228","31229","31230","0","0","0","0","0","0","0","0","0","0","0","0","0","0","0","0"
"2077","183","0","2","51692","51696","0","0","0","0","0","0","0","0","0","0","0","0","0","0","0","0","0"
"2079","183","0","2","58414","58415","0","0","0","0","0","0","0","0","0","0","0","0","0","0","0","0","0"
"110261","183","0","2","1114057","1114072","0","0","0","0","0","0","0","0","0","0","0","0","0","0","0","0","0"
"681","183","0","3","16511","0","0","0","0","0","0","0","0","0","0","0","0","0","0","1","0","0","0"
"111700","183","1","0","1130892","1130893","0","0","0","0","0","0","0","0","0","0","0","0","0","0","0","0","0"
"110262","183","1","1","1114076","1114094","0","0","0","0","0","0","0","0","0","0","0","0","0","0","0","0","0"
"110244","183","1","2","1113975","1114062","1114063","0","0","0","0","0","0","0","0","0","0","0","0","0","0","0","0"
"110247","183","2","0","1113981","1114066","0","0","0","0","0","0","0","0","0","0","0","0","0","0","0","0","0"
"110303","183","2","1","1114278","0","0","0","0","0","0","0","0","0","0","0","0","0","0","1","0","0","0"
"111123","183","2","2","1114171","1114172","1114173","0","0","0","0","0","0","0","0","0","0","0","0","0","0","0","0"
"110246","183","3","0","1113983","1114070","1114071","0","0","0","0","0","0","0","0","0","0","0","0","0","0","0","0"
"110245","183","3","1","1113976","1113979","1113980","0","0","0","0","0","0","0","0","0","0","0","0","0","0","0","0"
"110263","183","3","2","1114079","1114080","0","0","0","0","0","0","0","0","0","0","0","0","0","0","0","0","0"
"111701","183","4","0","1130894","1130895","0","0","0","0","0","0","0","0","0","0","0","0","0","0","0","0","0"
"110284","183","4","1","1114185","0","0","0","0","0","0","0","0","0","0","0","0","0","0","1","0","0","0"
"110265","183","4","2","1114082","1114083","0","0","0","0","0","0","0","0","0","0","0","0","0","0","0","0","0"
"110681","183","4","3","1116511","0","0","0","0","0","0","0","0","1123","0","0","2","0","0","1","0","0","0"
"111713","183","5","0","1131221","1131222","1131223","0","0","0","0","0","0","0","0","0","0","0","0","0","0","0","0"
"111702","183","5","2","1130902","1130903","1130904","1130905","1130906","0","0","0","0","0","0","0","0","0","0","0","0","0","0"
"111711","183","6","0","1131211","1131212","1131213","0","0","0","0","0","0","0","0","0","0","0","0","0","0","0","0"
"110381","183","6","1","1114183","0","0","0","0","0","0","0","0","284","0","0","0","0","0","1","0","0","0"
"111722","183","6","2","1131228","1131229","1131230","0","0","0","0","0","0","0","0","0","0","0","0","0","0","0","0"
"111712","183","7","1","1131216","1131217","1131218","0","0","0","0","0","0","381","0","0","0","0","0","0","0","0","0"
"112077","183","7","2","1151692","1151696","0","0","0","0","0","0","0","0","0","0","0","0","0","0","0","0","0"
"112078","183","8","0","1151698","1151700","1151701","0","0","0","0","0","0","0","0","0","0","0","0","0","0","0","0"
"112079","183","8","2","1158414","1158415","0","0","0","0","0","0","0","0","0","0","0","0","0","0","0","0","0"
"112080","183","9","1","1151708","1151709","1151710","0","0","0","0","0","0","0","0","0","0","0","0","0","0","0","0"
"112081","183","10","1","1151713","0","0","0","0","0","0","0","0","0","0","0","0","0","0","1","0","0","0"
"347","201","0","0","14521","14776","14777","0","0","0","0","0","0","0","0","0","0","0","0","0","0","0","0"
"352","201","0","0","14523","14784","14785","0","0","0","0","0","0","0","0","0","0","0","0","0","0","0","0"
"1769","201","0","0","33167","33171","33172","0","0","0","0","0","0","0","0","0","0","0","0","0","0","0","0"
"1771","201","0","0","33186","33190","0","0","0","0","0","0","0","0","0","0","0","0","0","0","0","0","0"
"1858","201","0","0","45234","45243","45244","0","0","0","0","0","0","0","0","0","0","0","0","0","0","0","0"
"1895","201","0","0","47509","47511","47515","0","0","0","0","0","0","0","0","0","0","0","0","0","0","0","0"
"2235","201","0","0","57470","57472","0","0","0","0","0","0","0","0","0","0","0","0","0","0","0","0","0"
"2268","201","0","0","33201","33202","0","0","0","0","0","0","0","0","0","0","0","0","0","0","0","0","0"
"322","201","0","1","10060","0","0","0","0","0","0","0","0","0","0","0","0","0","0","1","0","0","0"
"341","201","0","1","14520","14780","14781","0","0","0","0","0","0","0","0","0","0","0","0","0","0","0","0"
"342","201","0","1","14522","14788","14789","14790","14791","0","0","0","0","0","0","0","0","0","0","0","0","0","0"
"346","201","0","1","14747","14770","14771","0","0","0","0","0","0","0","0","0","0","0","0","0","0","0","0"
"348","201","0","1","14751","0","0","0","0","0","0","0","0","0","0","0","0","0","0","1","0","0","0"
"1201","201","0","1","18551","18552","18553","0","0","0","0","0","0","0","0","0","0","0","0","0","0","0","0"
"1202","201","0","1","52795","52797","52798","52799","52800","0","0","0","0","0","0","0","0","0","0","0","0","0","0"
"1774","201","0","1","33206","0","0","0","0","0","0","0","0","0","0","0","0","0","0","1","0","0","0"
"1896","201","0","1","47535","47536","47537","0","0","0","0","0","0","0","0","0","0","0","0","0","0","0","0"
"1897","201","0","1","47540","0","0","0","0","0","0","0","0","0","0","0","0","0","0","1","0","0","0"
"110342","201","0","1","1114522","1114788","1114789","1114790","1114791","0","0","0","0","0","0","0","0","0","0","0","0","0","0"
"343","201","0","2","14748","14768","14769","0","0","0","0","0","0","0","0","0","0","0","0","0","0","0","0"
"344","201","0","2","14749","14767","0","0","0","0","0","0","0","0","0","0","0","0","0","0","0","0","0"
"351","201","0","2","63574","0","0","0","0","0","0","0","0","0","0","0","0","0","0","1","0","0","0"
"1772","201","0","2","34908","34909","34910","0","0","0","0","0","0","0","0","0","0","0","0","0","0","0","0"
"1773","201","0","2","63504","63505","63506","0","0","0","0","0","0","0","0","0","0","0","0","0","0","0","0"
"1894","201","0","2","47507","47508","0","0","0","0","0","0","0","0","0","0","0","0","0","0","0","0","0"
"1898","201","0","2","47586","47587","47588","52802","52803","0","0","0","0","0","0","0","0","0","0","0","0","0","0"
"1901","201","0","2","47516","47517","0","0","0","0","0","0","0","0","0","0","0","0","0","0","0","0","0"
"111898","201","0","2","1147586","1147587","1147588","1152802","1152803","0","0","0","0","0","0","0","0","0","0","0","0","0","0"
"321","201","0","3","14531","14774","0","0","0","0","0","0","0","0","0","0","0","0","0","0","0","0","0"
"350","201","0","3","14750","14772","0","0","0","0","0","0","0","0","0","0","0","0","0","0","0","0","0"
"110352","201","1","0","1114523","1114784","1114785","0","0","0","0","0","0","0","0","0","0","0","0","0","0","0","0"
"110346","201","1","1","1114747","1114770","1114771","0","0","0","0","0","0","0","0","0","0","0","0","0","0","0","0"
"110344","201","1","2","1114749","1114767","0","0","0","0","0","0","0","0","0","0","0","0","0","0","0","0","0"
"110321","201","1","3","1114531","1114774","0","0","0","0","0","0","0","0","0","0","0","0","0","0","0","0","0"
"110347","201","2","0","1114521","1114776","1114777","0","0","0","0","0","0","0","0","0","0","0","0","0","0","0","0"
"110348","201","2","1","1114751","0","0","0","0","0","0","0","0","0","0","0","0","0","0","1","0","0","0"
"110343","201","2","2","1114748","1114768","1114769","0","0","0","0","0","0","0","0","0","0","0","0","0","0","0","0"
"111769","201","3","0","1133167","1133171","1133172","0","0","0","0","0","0","0","0","0","0","0","0","0","0","0","0"
"110341","201","3","1","1114520","1114780","1114781","0","0","0","0","0","0","0","0","0","0","0","0","0","0","0","0"
"110350","201","3","3","1114750","1114772","0","0","0","0","0","0","0","0","0","0","0","0","0","0","0","0","0"
"112268","201","4","0","1133201","1133202","0","0","0","0","0","0","0","0","0","0","0","0","0","0","0","0","0"
"111201","201","4","1","1118551","1118552","1118553","1118554","1118555","0","0","0","0","0","0","0","0","0","0","0","0","0","0"
"110351","201","4","2","1163574","0","0","0","0","0","0","0","0","343","0","0","2","0","0","1","0","0","0"
"111771","201","5","0","1133186","1133190","0","0","0","0","0","0","0","0","0","0","0","0","0","0","0","0","0"
"111772","201","5","2","1134908","1134909","1134910","0","0","0","0","0","0","0","0","0","0","0","0","0","0","0","0"
"111858","201","6","0","1145234","1145243","1145244","0","0","0","0","0","0","0","0","0","0","0","0","0","0","0","0"
"110322","201","6","1","1110060","0","0","0","0","0","0","0","0","1201","0","0","4","0","0","1","0","0","0"
"111773","201","6","2","1163504","1163505","1163506","0","0","0","0","0","0","0","0","0","0","0","0","0","0","0","0"
"112235","201","7","0","1157470","1157472","0","0","0","0","0","0","0","0","0","0","0","0","0","0","0","0","0"
"111896","201","7","1","1147535","1147536","1147537","0","0","0","0","0","0","0","0","0","0","0","0","0","0","0","0"
"111894","201","7","2","1147507","1147508","0","0","0","0","0","0","0","0","0","0","0","0","0","0","0","0","0"
"111895","201","8","0","1147509","1147511","0","0","0","0","0","0","0","0","0","0","0","0","0","0","0","0","0"
"111774","201","8","1","1133206","0","0","0","0","0","0","0","0","0","0","0","0","0","0","1","0","0","0"
"111901","201","8","2","1147516","1147517","0","0","0","0","0","0","0","0","0","0","0","0","0","0","0","0","0"
"111202","201","9","1","1152795","1152797","1152798","0","0","0","0","0","0","0","0","0","0","0","0","0","0","0","0"
"111897","201","10","1","1147540","0","0","0","0","0","0","0","0","0","0","0","0","0","0","1","0","0","0"
"410","202","0","0","14913","15012","0","0","0","0","0","0","0","0","0","0","0","0","0","0","0","0","0"
"411","202","0","0","27900","27901","27902","27903","27904","0","0","0","0","0","0","0","0","0","0","0","0","0","0"
"413","202","0","0","14911","15018","0","0","0","0","0","0","0","0","0","0","0","0","0","0","0","0","0"
"442","202","0","0","19236","0","0","0","0","0","0","0","0","0","0","0","0","0","0","1","0","0","0"
"1635","202","0","0","27789","27790","827790","0","0","0","0","0","0","0","0","0","0","0","0","0","0","0","0"
"1766","202","0","0","33150","33154","0","0","0","0","0","0","0","0","0","0","0","0","0","0","0","0","0"
"1768","202","0","0","34753","34859","34860","0","0","0","0","0","0","0","0","0","0","0","0","0","0","0","0"
"2279","202","0","0","64127","64129","0","0","0","0","0","0","0","0","0","0","0","0","0","0","0","0","0"
"110410","202","0","0","1114913","1115012","0","0","0","0","0","0","0","0","0","0","0","0","0","0","0","0","0"
"406","202","0","1","14908","15020","17191","0","0","0","0","0","0","0","0","0","0","0","0","0","0","0","0"
"408","202","0","1","14912","15013","15014","0","0","0","0","0","0","0","0","0","0","0","0","0","0","0","0"
"1561","202","0","1","20711","0","0","0","0","0","0","0","0","0","0","0","0","0","0","1","0","0","0"
"1636","202","0","1","27811","27815","27816","0","0","0","0","0","0","0","0","0","0","0","0","0","0","0","0"
"1637","202","0","1","724","0","0","0","0","0","0","0","0","0","0","0","0","0","0","1","0","0","0"
"1767","202","0","1","33158","33159","33160","0","0","0","0","0","0","0","0","0","0","0","0","0","0","0","0"
"1815","202","0","1","34861","0","0","0","0","0","0","0","0","0","0","0","0","0","0","1","0","0","0"
"1902","202","0","1","63534","63542","63543","0","0","0","0","0","0","0","0","0","0","0","0","0","0","0","0"
"1905","202","0","1","47562","47564","47565","0","0","0","0","0","0","0","0","0","0","0","0","0","0","0","0"
"1911","202","0","1","47788","0","0","0","0","0","0","0","0","0","0","0","0","0","0","1","0","0","0"
"101324","202","0","1","18160","18161","18162","18168","18169","0","0","0","0","0","0","0","0","0","0","0","0","0","0"
"110406","202","0","1","1114908","1115020","1117191","0","0","0","0","0","0","0","0","0","0","0","0","0","0","0","0"
"401","202","0","2","14889","15008","15009","15010","15011","0","0","0","0","0","0","0","0","0","0","0","0","0","0"
"402","202","0","2","14901","15028","15029","15030","15031","0","0","0","0","0","0","0","0","0","0","0","0","0","0"
"403","202","0","2","14909","15017","150171","150172","150173","0","0","0","0","0","0","0","0","0","0","0","0","0","0"
"404","202","0","2","14898","15349","15354","15355","15356","0","0","0","0","0","0","0","0","0","0","0","0","0","0"
"1181","202","0","2","18530","18531","18533","0","0","0","0","0","0","0","0","0","0","0","0","0","0","0","0"
"1404","202","0","2","760194","760195","760196","0","0","0","0","0","0","0","0","0","0","0","0","0","0","0","0"
"1765","202","0","2","33142","33145","33146","0","0","0","0","0","0","0","0","0","0","0","0","0","0","0","0"
"1903","202","0","2","47558","47559","47560","0","0","0","0","0","0","0","0","0","0","0","0","0","0","0","0"
"1904","202","0","2","63730","63733","63737","0","0","0","0","0","0","0","0","0","0","0","0","0","0","0","0"
"40000","202","0","2","1571635","1571636","1571637","1571638","1571639","0","0","0","0","0","0","0","0","0","0","0","0","0","0"
"40001","202","0","2","1571656","1571657","1571658","1571659","1571660","0","0","0","0","0","0","0","0","0","0","0","0","0","0"
"40002","202","0","2","1571646","1571647","1571648","1571649","1571650","0","0","0","0","0","0","0","0","0","0","0","0","0","0"
"40003","202","0","2","1571651","1571652","1571653","0","0","0","0","0","0","0","0","0","0","0","0","0","0","0","0"
"110401","202","0","2","1114889","1115008","1115009","1115010","1115011","0","0","0","0","0","0","0","0","0","0","0","0","0","0"
"361","202","0","3","14892","15362","15363","0","0","0","0","0","0","0","0","0","0","0","0","0","0","0","0"
"110411","202","1","1","1127900","1127901","1127902","1127903","1127904","0","0","0","0","0","0","0","0","0","0","0","0","0","0"
"111181","202","1","2","1118530","1118531","1118533","1118534","1118535","0","0","0","0","0","0","0","0","0","0","0","0","0","0"
"110442","202","2","0","1119236","0","0","0","0","0","0","0","0","0","0","0","0","0","0","1","0","0","0"
"111636","202","2","1","1127811","1127815","1127816","0","0","0","0","0","0","0","0","0","0","0","0","0","0","0","0"
"110361","202","2","3","1114892","1115362","1115363","0","0","0","0","0","0","0","0","0","0","0","0","0","0","0","0"
"111635","202","3","0","1127789","1127790","0","0","0","0","0","0","0","0","0","0","0","0","0","0","0","0","0"
"110408","202","3","1","1114912","1115013","1115014","0","0","0","0","0","0","0","0","0","0","0","0","0","0","0","0"
"110403","202","3","2","1114909","1115017","1115019","0","0","0","0","0","0","1181","0","0","4","0","0","0","0","0","0"
"110413","202","4","0","1114911","1115018","0","0","0","0","0","0","0","0","0","0","0","0","0","0","0","0","0"
"111561","202","4","1","1120711","0","0","0","0","0","0","0","0","0","0","0","0","0","0","1","0","0","0"
"110402","202","4","2","1114901","1115028","1115029","1115030","1115031","0","0","0","0","0","0","0","0","0","0","0","0","0","0"
"111766","202","5","0","1133150","1133154","0","0","0","0","0","0","0","0","0","0","0","0","0","0","0","0","0"
"110404","202","5","2","1114898","1115349","1115354","0","0","0","0","0","0","0","0","0","0","0","0","0","0","0","0"
"80000","202","5","3","1571656","1571657","1571658","1571659","1571660","0","0","0","0","0","0","0","0","0","0","0","0","0","0"
"111768","202","6","0","1134753","1134859","1134860","0","0","0","0","0","0","0","0","0","0","0","0","0","0","0","0"
"111637","202","6","1","1100724","0","0","0","0","0","0","0","0","1561","0","0","0","0","0","1","0","0","0"
"111765","202","6","2","1133142","1133145","1133146","0","0","0","0","0","0","0","0","0","0","0","0","0","0","0","0"
"40","202","6","3","4222","4223","4224","4225","4226","0","0","0","0","0","0","0","0","0","0","0","0","0","0"
"80001","202","6","3","1571646","1571647","1571648","1571649","1571650","0","0","0","0","0","0","0","0","0","0","0","0","0","0"
"112279","202","7","0","1164127","1164129","0","0","0","0","0","0","0","0","0","0","0","0","0","0","0","0","0"
"111767","202","7","1","1133158","1133159","1133160","1133161","1133162","0","0","0","0","0","0","0","0","0","0","0","0","0","0"
"111904","202","7","2","1163730","1163733","1163737","0","0","0","0","0","0","0","0","0","0","0","0","0","0","0","0"
"111902","202","8","0","1163534","1163542","1163543","0","0","0","0","0","0","0","0","0","2","0","0","0","0","0","0"
"111815","202","8","1","1134861","0","0","0","0","0","0","0","0","0","0","0","0","0","0","1","0","0","0"
"111903","202","8","2","1147558","1147559","1147560","0","0","0","0","0","0","0","0","0","0","0","0","0","0","0","0"
"111905","202","9","1","1147562","1147564","1147565","0","0","0","0","0","0","0","0","0","0","0","0","0","0","0","0"
"101905","202","9","2","1182070","1182071","1182072","0","0","0","0","0","0","0","0","0","0","0","0","0","0","0","0"
"111911","202","10","1","1147788","0","0","0","0","0","0","0","0","0","0","0","0","0","0","1","0","0","0"
"465","203","0","0","15270","15335","15336","0","0","0","0","0","0","0","0","0","0","0","0","0","0","0","0"
"466","203","0","0","15318","15272","15320","0","0","0","0","0","0","0","0","0","0","0","0","0","0","0","0"
"541","203","0","0","15487","0","0","0","0","0","0","0","0","0","0","0","0","0","0","1","0","0","0"
"542","203","0","0","15392","15448","0","0","0","0","0","0","0","0","0","0","0","0","0","0","0","0","0"
"1781","203","0","0","14910","33371","0","0","0","0","0","0","0","0","0","0","0","0","0","0","0","0","0"
"1906","203","0","0","47569","47570","0","0","0","0","0","0","0","0","0","0","0","0","0","0","0","0","0"
"1908","203","0","0","64044","0","0","0","0","0","0","0","0","0","0","0","0","0","0","1","0","0","0"
"5907","203","0","0","32516","32517","32518","0","0","0","0","0","0","0","0","0","0","0","0","0","0","0","0"
"110465","203","0","0","1115270","1115335","1115336","0","0","0","0","0","0","0","0","0","0","0","0","0","0","0","0"
"481","203","0","1","15273","15312","15313","15314","15316","0","0","0","0","0","0","0","0","0","0","0","0","0","0"
"482","203","0","1","15275","15317","0","0","0","0","0","0","0","0","0","0","0","0","0","0","0","0","0"
"483","203","0","1","15274","15311","0","0","0","0","0","0","0","0","0","0","0","0","0","0","0","0","0"
"484","203","0","1","15286","0","0","0","0","0","0","0","0","0","0","0","0","0","0","1","0","0","0"
"521","203","0","1","15473","0","0","0","0","0","0","0","0","0","0","0","0","0","0","1","0","0","0"
"1779","203","0","1","34914","0","0","0","0","0","0","0","0","0","0","0","0","0","0","1","0","0","0"
"1910","203","0","1","47585","0","0","0","0","0","0","0","0","0","0","0","0","0","0","1","0","0","0"
"2027","203","0","1","15337","15338","0","0","0","0","0","0","0","0","0","0","0","0","0","0","0","0","0"
"5908","203","0","1","32523","32524","32525","0","0","0","0","0","0","0","0","0","0","0","0","0","0","0","0"
"112027","203","0","1","1115337","1115338","0","0","0","0","0","0","0","465","0","0","2","0","0","0","0","0","0"
"462","203","0","2","15259","15307","15308","0","0","0","0","0","0","0","0","0","0","0","0","0","0","0","0"
"463","203","0","2","15260","15327","0","0","0","0","0","0","0","0","0","0","0","0","0","0","0","0","0"
"501","203","0","2","15407","0","0","0","0","0","0","0","0","0","0","0","0","0","0","1","0","0","0"
"881","203","0","2","17322","17323","817323","0","0","0","0","0","0","0","0","0","0","0","0","0","0","0","0"
"1638","203","0","2","27839","27840","0","0","0","0","0","0","0","0","0","0","0","0","0","0","0","0","0"
"1778","203","0","2","33221","33222","33223","33224","33225","0","0","0","0","0","0","0","0","0","0","0","0","0","0"
"1816","203","0","2","33191","33192","33193","0","0","0","0","0","0","0","0","0","0","0","0","0","0","0","0"
"1907","203","0","2","47573","47577","47578","0","0","0","0","0","0","0","0","0","0","0","0","0","0","0","0"
"1909","203","0","2","47580","47581","47582","0","0","0","0","0","0","0","0","0","0","0","0","0","0","0","0"
"2267","203","0","2","63625","63626","63627","0","0","0","0","0","0","0","0","0","0","0","0","0","0","0","0"
"110462","203","0","2","1115259","1115307","1115308","1115309","1115310","0","0","0","0","0","0","0","0","0","0","0","0","0","0"
"461","203","0","3","15257","15331","15332","0","0","0","0","0","0","0","0","0","0","0","0","0","0","0","0"
"1777","203","0","3","33213","33214","33215","0","0","0","0","0","0","0","0","0","0","0","0","0","0","0","0"
"110466","203","1","0","1115318","1115272","1115320","0","0","0","0","0","0","0","0","0","0","0","0","0","0","0","0"
"110482","203","1","1","1115275","1115317","0","0","0","0","0","0","0","0","0","0","0","0","0","0","0","0","0"
"110463","203","1","2","1115260","1115327","1115328","0","0","0","0","0","0","0","0","0","0","0","0","0","0","0","0"
"110542","203","2","0","1115392","1115448","0","0","0","0","0","0","0","0","0","0","0","0","0","0","0","0","0"
"110481","203","2","1","1115273","1115312","1115313","1115314","1115316","0","0","0","0","0","0","0","0","0","0","0","0","0","0"
"110501","203","2","2","1115407","0","0","0","0","0","0","0","0","0","0","0","0","0","0","1","0","0","0"
"110483","203","3","1","1115274","1115311","0","0","0","0","0","0","0","0","0","0","0","0","0","0","0","0","0"
"110881","203","3","2","1117322","1117323","0","0","0","0","0","0","0","0","0","0","0","0","0","0","0","0","0"
"110461","203","3","3","1115257","1115331","1115332","0","0","0","0","0","0","0","0","0","0","0","0","0","0","0","0"
"110541","203","4","0","1115487","0","0","0","0","0","0","0","0","0","0","0","0","0","0","1","0","0","0"
"110484","203","4","1","1115286","0","0","0","0","0","0","0","0","0","0","0","0","0","0","1","0","0","0"
"111638","203","4","2","1127839","1127840","0","0","0","0","0","0","0","484","0","0","0","0","0","0","0","0","0"
"111777","203","4","3","1133213","1133214","1133215","0","0","0","0","0","0","0","0","0","0","0","0","0","0","0","0"
"111781","203","5","0","1114910","1133371","0","0","0","0","0","0","0","0","0","0","0","0","0","0","0","0","0"
"112267","203","5","2","1163625","1163626","1163627","0","0","0","0","0","0","0","0","0","0","0","0","0","0","0","0"
"110521","203","6","1","1115473","0","0","0","0","0","0","0","0","484","0","0","0","0","0","1","0","0","0"
"111778","203","6","2","1133221","1133222","1133223","0","0","0","0","0","0","0","0","0","0","0","0","0","0","0","0"
"111906","203","7","0","1147569","1147570","0","0","0","0","0","0","0","521","0","0","0","0","0","0","0","0","0"
"111816","203","7","2","1133191","1133192","1133193","0","0","0","0","0","0","0","0","0","0","0","0","0","0","0","0"
"111908","203","8","0","1164044","0","0","0","0","0","0","0","0","0","0","0","0","0","0","1","0","0","0"
"111779","203","8","1","1134914","0","0","0","0","0","0","0","0","521","0","0","0","0","0","1","0","0","0"
"111909","203","8","2","1147580","1147581","1147582","0","0","0","0","0","0","0","0","0","0","0","0","0","0","0","0"
"111907","203","9","2","1147573","1147577","1147578","0","0","0","0","0","0","0","0","0","0","0","0","0","0","0","0"
"111910","203","10","1","1147585","0","0","0","0","0","0","0","0","1779","0","0","0","0","0","1","0","0","0"
"561","261","0","0","16038","16160","16161","0","0","0","0","0","0","0","0","0","0","0","0","0","0","0","0"
"567","261","0","0","16086","16544","0","0","0","0","0","0","0","0","0","0","0","0","0","0","0","0","0"
"575","261","0","0","16040","16113","16114","0","0","0","0","0","0","0","0","0","0","0","0","0","0","0","0"
"863","261","0","0","411000","411001","411002","0","0","0","0","0","0","0","0","0","0","0","0","0","0","0","0"
"1641","261","0","0","28999","29000","829000","0","0","0","0","0","0","0","0","0","0","0","0","0","0","0","0"
"1685","261","0","0","30672","30673","30674","0","0","0","0","0","0","0","0","0","0","0","0","0","0","0","0"
"2050","261","0","0","51474","51478","51479","0","0","0","0","0","0","0","0","0","0","0","0","0","0","0","0"
"2262","261","0","0","63370","63372","863372","0","0","0","0","0","0","0","0","0","0","0","0","0","0","0","0"
"562","261","0","1","16041","0","0","0","0","0","0","0","0","0","0","0","0","0","0","0","0","0","0"
"564","261","0","1","16039","16109","16110","16111","16112","0","0","0","0","0","0","0","0","0","0","0","0","0","0"
"573","261","0","1","16166","0","0","0","0","0","0","0","0","0","0","0","0","0","0","1","0","0","0"
"574","261","0","1","16164","0","0","0","0","0","0","0","0","0","0","0","0","0","0","1","0","0","0"
"1640","261","0","1","28996","28997","28998","0","0","0","0","0","0","0","0","0","0","0","0","0","0","0","0"
"1687","261","0","1","30706","0","0","0","0","0","0","0","0","0","0","0","0","0","0","1","0","0","0"
"2049","261","0","1","51466","51470","0","0","0","0","0","0","0","0","0","0","0","0","0","0","0","0","0"
"2053","261","0","1","51490","0","0","0","0","0","0","0","0","0","0","0","0","0","0","1","0","0","0"
"2252","261","0","1","62097","62098","62099","0","0","0","0","0","0","0","0","0","0","0","0","0","0","0","0"
"110564","261","0","1","1116039","1116109","1116110","1116111","1116112","0","0","0","0","0","0","0","0","0","0","0","0","0","0"
"563","261","0","2","16035","16105","16106","16107","16108","0","0","0","0","0","0","0","0","0","0","0","0","0","0"
"565","261","0","2","16089","60184","60185","60187","60188","0","0","0","0","0","0","0","0","0","0","0","0","0","0"
"721","261","0","2","16578","16579","16580","0","0","0","0","0","0","0","0","0","0","0","0","0","0","0","0"
"989","261","0","2","16015","16016","16017","0","0","0","0","0","0","0","0","0","0","0","0","0","0","0","0"
"1645","261","0","2","30160","29179","29180","0","0","0","0","0","0","0","0","0","0","0","0","0","0","0","0"
"1686","261","0","2","30675","30678","30679","0","0","0","0","0","0","0","0","0","0","0","0","0","0","0","0"
"2051","261","0","2","51480","51481","51482","0","0","0","0","0","0","0","0","0","0","0","0","0","0","0","0"
"2052","261","0","2","51483","51485","51486","0","0","0","0","0","0","0","0","0","0","0","0","0","0","0","0"
"110563","261","0","2","1116035","1116105","1116106","1116107","1116108","0","0","0","0","0","0","0","0","0","0","0","0","0","0"
"1642","261","0","3","29062","29064","0","0","0","0","0","0","0","0","0","0","0","0","0","0","0","0","0"
"1682","261","0","3","30664","30665","30666","0","0","0","0","0","0","0","0","0","0","0","0","0","0","0","0"
"110561","261","1","0","1116038","1116160","1116161","0","0","0","0","0","0","0","0","0","0","0","0","0","0","0","0"
"111640","261","1","1","1128996","1128997","1128998","0","0","0","0","0","0","0","0","0","0","0","0","0","0","0","0"
"111645","261","1","2","1130160","1129179","1129180","0","0","0","0","0","0","0","0","0","0","0","0","0","0","0","0"
"110575","261","2","0","1116040","1116113","1116114","1116115","1116116","0","0","0","0","0","0","0","0","0","0","0","0","0","0"
"110574","261","2","1","1116164","0","0","0","0","0","0","0","0","0","0","0","0","0","0","1","0","0","0"
"110565","261","2","2","1116089","1160184","1160185","0","0","0","0","0","0","0","0","0","0","0","0","0","0","0","0"
"110567","261","3","0","1116086","1116544","0","0","0","0","0","0","0","0","0","0","0","0","0","0","0","0","0"
"111642","261","3","3","1129062","1129064","1129065","0","0","0","0","0","0","0","0","0","0","0","0","0","0","0","0"
"111641","261","4","0","1128999","1129000","0","0","0","0","0","0","0","0","0","0","0","0","0","0","0","0","0"
"110562","261","4","1","1116041","0","0","0","0","0","0","0","0","574","0","0","0","0","0","0","0","0","0"
"111682","261","4","3","1130664","1130665","1130666","0","0","0","0","0","0","0","0","0","0","0","0","0","0","0","0"
"111685","261","5","0","1130672","1130673","1130674","0","0","0","0","0","0","0","0","0","0","0","0","0","0","0","0"
"110721","261","5","2","1116578","1116579","1116580","1116581","1116582","0","0","0","0","565","0","0","4","0","0","0","0","0","0"
"110573","261","6","1","1116166","0","0","0","0","0","0","0","0","562","0","0","0","0","0","1","0","0","0"
"112052","261","6","2","1151483","1151485","1151486","0","0","0","0","0","0","0","0","0","0","0","0","0","0","0","0"
"112262","261","7","0","1163370","1163372","0","0","0","0","0","0","0","0","0","0","0","0","0","0","0","0","0"
"112049","261","7","1","1151466","1151470","0","0","0","0","0","0","0","573","0","0","0","0","0","0","0","0","0"
"111686","261","7","2","1130675","1130678","1130679","0","0","0","0","0","0","0","0","0","0","0","0","0","0","0","0"
"112050","261","8","0","1151474","1151478","1151479","0","0","0","0","0","0","0","0","0","0","0","0","0","0","0","0"
"111687","261","8","1","1130706","0","0","0","0","0","0","0","0","0","0","0","0","0","0","1","0","0","0"
"112051","261","8","2","1151480","1151481","1151482","0","0","0","0","0","0","0","0","0","0","0","0","0","0","0","0"
"112252","261","9","1","1162097","1162098","1162099","0","0","0","0","0","0","0","0","0","0","0","0","0","0","0","0"
"112053","261","10","1","1151490","0","0","0","0","0","0","0","0","0","0","0","0","0","0","1","0","0","0"
"583","262","0","0","16180","16196","16198","0","0","0","0","0","0","0","0","0","0","0","0","0","0","0","0"
"589","262","0","0","16184","16209","0","0","0","0","0","0","0","0","0","0","0","0","0","0","0","0","0"
"1648","262","0","0","29206","29205","29202","0","0","0","0","0","0","0","0","0","0","0","0","0","0","0","0"
"1699","262","0","0","30881","30883","30884","0","0","0","0","0","0","0","0","0","0","0","0","0","0","0","0"
"2060","262","0","0","51554","51555","0","0","0","0","0","0","0","0","0","0","0","0","0","0","0","0","0"
"2061","262","0","0","51556","51557","51558","0","0","0","0","0","0","0","0","0","0","0","0","0","0","0","0"
"586","262","0","1","16182","16226","16227","0","0","0","0","0","0","0","0","0","0","0","0","0","0","0","0"
"587","262","0","1","16181","16230","0","0","0","0","0","0","0","0","0","0","0","0","0","0","0","0","0"
"588","262","0","1","16187","16205","16206","0","0","0","0","0","0","0","0","0","0","0","0","0","0","0","0"
"590","262","0","1","16190","0","0","0","0","0","0","0","0","0","0","0","0","0","0","1","0","0","0"
"1646","262","0","1","29187","29189","29191","0","0","0","0","0","0","0","0","0","0","0","0","0","0","0","0"
"1697","262","0","1","30872","30873","0","0","0","0","0","0","0","0","0","0","0","0","0","0","0","0","0"
"1698","262","0","1","974","0","0","0","0","0","0","0","0","0","0","0","0","0","0","1","0","0","0"
"2063","262","0","1","51562","51563","51564","0","0","0","0","0","0","0","0","0","0","0","0","0","0","0","0"
"2064","262","0","1","61295","0","0","0","0","0","0","0","0","0","0","0","0","0","0","1","0","0","0"
"110586","262","0","1","1116182","1116226","1116227","1116228","1116229","0","0","0","0","0","0","0","0","0","0","0","0","0","0"
"582","262","0","2","55198","0","0","0","0","0","0","0","0","0","0","0","0","0","0","1","0","0","0"
"591","262","0","2","16188","0","0","0","0","0","0","0","0","0","0","0","0","0","0","1","0","0","0"
"592","262","0","2","16178","16210","16211","16212","16213","0","0","0","0","0","0","0","0","0","0","0","0","0","0"
"593","262","0","2","16179","16214","16215","0","0","0","0","0","0","0","0","0","0","0","0","0","0","0","0"
"594","262","0","2","16194","16218","16219","0","0","0","0","0","0","0","0","0","0","0","0","0","0","0","0"
"595","262","0","2","16173","16222","16223","16224","16225","0","0","0","0","0","0","0","0","0","0","0","0","0","0"
"1696","262","0","2","30867","30868","30869","0","0","0","0","0","0","0","0","0","0","0","0","0","0","0","0"
"2059","262","0","2","51560","51561","851561","0","0","0","0","0","0","0","0","0","0","0","0","0","0","0","0"
"2084","262","0","2","51886","0","0","0","0","0","0","0","0","0","0","0","0","0","0","1","0","0","0"
"110595","262","0","2","1116173","1116222","1116223","1116224","1116225","0","0","0","0","0","0","0","0","0","0","0","0","0","0"
"581","262","0","3","16176","16235","16240","0","0","0","0","0","0","0","0","0","0","0","0","0","0","0","0"
"1695","262","0","3","30864","30865","30866","0","0","0","0","0","0","0","0","0","0","0","0","0","0","0","0"
"110589","262","1","0","1116184","1116209","0","0","0","0","0","0","0","0","0","0","0","0","0","0","0","0","0"
"111646","262","1","1","1129187","1129189","1129191","0","0","0","0","0","0","0","0","0","0","0","0","0","0","0","0"
"110593","262","1","2","1116179","1116214","1116215","1116216","1116217","0","0","0","0","0","0","0","0","0","0","0","0","0","0"
"110583","262","2","0","1116180","1116196","1116198","0","0","0","0","0","0","0","0","0","0","0","0","0","0","0","0"
"110587","262","2","1","1116181","1116230","1116232","0","0","0","0","0","0","0","0","0","0","0","0","0","0","0","0"
"110582","262","2","2","1155198","0","0","0","0","0","0","0","0","0","0","0","0","0","0","1","0","0","0"
"110581","262","2","3","1116176","1116235","1116240","0","0","0","0","0","0","0","0","0","0","0","0","0","0","0","0"
"110588","262","3","1","1116187","1116205","1116206","0","0","0","0","0","0","0","0","0","0","0","0","0","0","0","0"
"110594","262","3","2","1116194","1116218","1116219","1116220","1116221","0","0","0","0","0","0","0","0","0","0","0","0","0","0"
"111648","262","4","0","1129206","1129205","1129202","0","0","0","0","0","0","0","0","0","0","0","0","0","0","0","0"
"110591","262","4","2","1116188","0","0","0","0","0","0","0","0","0","0","0","0","0","0","1","0","0","0"
"111695","262","4","3","1130864","1130865","1130866","0","0","0","0","0","0","0","0","0","0","0","0","0","0","0","0"
"110592","262","5","2","1116178","1116210","1116211","0","0","0","0","0","0","0","0","0","0","0","0","0","0","0","0"
"111699","262","6","0","1130881","1130883","1130884","1130885","1130886","0","0","0","0","0","0","0","0","0","0","0","0","0","0"
"110590","262","6","1","1116190","0","0","0","0","0","0","0","0","588","0","0","2","0","0","1","0","0","0"
"112084","262","6","2","1151886","0","0","0","0","0","0","0","0","592","0","0","4","0","0","1","0","0","0"
"112060","262","7","0","1151554","1151555","0","0","0","0","0","0","0","0","0","0","0","0","0","0","0","0","0"
"111697","262","7","1","1130872","1130873","0","0","0","0","0","0","0","0","0","0","0","0","0","0","0","0","0"
"111696","262","7","2","1130867","1130868","0","0","0","0","0","0","0","0","0","0","0","0","0","0","0","0","0"
"112061","262","8","0","1151556","1151557","1151558","0","0","0","0","0","0","0","0","0","0","0","0","0","0","0","0"
"111698","262","8","1","1100974","0","0","0","0","0","0","0","0","0","0","0","2","0","0","1","0","0","0"
"112059","262","8","2","1151560","1151561","0","0","0","0","0","0","0","1698","0","0","0","0","0","0","0","0","0"
"112063","262","9","1","1151562","1151563","1151564","0","0","0","0","0","0","0","0","0","0","0","0","0","0","0","0"
"112064","262","10","1","1161295","0","0","0","0","0","0","0","0","0","0","0","0","0","0","1","0","0","0"
"609","263","0","0","16258","16293","0","0","0","0","0","0","0","0","0","0","0","0","0","0","0","0","0"
"610","263","0","0","16259","16295","52456","0","0","0","0","0","0","0","0","0","0","0","0","0","0","0","0"
"611","263","0","0","16266","29079","29080","0","0","0","0","0","0","0","0","0","0","0","0","0","0","0","0"
"1647","263","0","0","29192","29193","0","0","0","0","0","0","0","0","0","0","0","0","0","0","0","0","0"
"1689","263","0","0","30802","30808","30809","0","0","0","0","0","0","0","0","0","0","0","0","0","0","0","0"
"1691","263","0","0","30812","30813","30814","830815","830816","0","0","0","0","0","0","0","0","0","0","0","0","0","0"
"1692","263","0","0","30816","30818","30819","0","0","0","0","0","0","0","0","0","0","0","0","0","0","0","0"
"2055","263","0","0","51525","51526","51527","0","0","0","0","0","0","0","0","0","0","0","0","0","0","0","0"
"110610","263","0","0","1116259","1116295","1152456","0","0","0","0","0","0","0","0","0","0","0","0","0","0","0","0"
"602","263","0","1","16256","16281","16282","0","0","0","0","0","0","0","0","0","0","0","0","0","0","0","0"
"613","263","0","1","16255","16302","16303","16304","16305","0","0","0","0","0","0","0","0","0","0","0","0","0","0"
"616","263","0","1","16268","18848","36591","0","0","0","0","0","0","0","0","0","0","0","0","0","0","0","0"
"988","263","0","1","16010","16011","16012","16013","16014","0","0","0","0","0","0","0","0","0","0","0","0","0","0"
"1690","263","0","1","30798","830798","0","0","0","0","0","0","0","0","0","0","0","0","0","0","0","0","0"
"1693","263","0","1","30823","0","0","0","0","0","0","0","0","0","0","0","0","0","0","1","0","0","0"
"2057","263","0","1","51528","51529","51530","0","0","0","0","0","0","0","0","0","0","0","0","0","0","0","0"
"2058","263","0","1","51533","0","0","0","0","0","0","0","0","0","0","0","0","0","0","1","0","0","0"
"2101","263","0","1","16043","16130","0","0","0","0","0","0","0","0","0","0","0","0","0","0","0","0","0"
"112101","263","0","1","1116043","1116130","0","0","0","0","0","0","0","0","0","0","0","0","0","0","0","0","0"
"605","263","0","2","16262","16287","16288","0","0","0","0","0","0","0","0","0","0","0","0","0","0","0","0"
"614","263","0","2","17485","17486","17487","0","0","0","0","0","0","0","0","0","0","0","0","0","0","0","0"
"615","263","0","2","16252","16306","16307","12763","12764","0","0","0","0","0","0","0","0","0","0","0","0","0","0"
"617","263","0","2","43338","0","0","0","0","0","0","0","0","0","0","0","0","0","0","1","0","0","0"
"901","263","0","2","17364","0","0","0","0","0","0","0","0","0","0","0","0","0","0","1","0","0","0"
"1643","263","0","2","29082","29084","29086","0","0","0","0","0","0","0","0","0","0","0","0","0","0","0","0"
"2054","263","0","2","51521","51522","0","0","0","0","0","0","0","0","0","0","0","0","0","0","0","0","0"
"2056","263","0","2","51523","51524","0","0","0","0","0","0","0","0","0","0","0","0","0","0","0","0","0"
"2083","263","0","2","51883","51884","51885","0","0","0","0","0","0","0","0","0","0","0","0","0","0","0","0"
"5004","263","0","2","954215","954216","954217","0","0","0","0","0","0","0","0","0","0","0","0","0","0","0","0"
"110614","263","0","2","1117485","1117486","1117487","1117488","1117489","0","0","0","0","0","0","0","0","0","0","0","0","0","0"
"601","263","0","3","16254","16271","16272","0","0","0","0","0","0","0","0","0","0","0","0","0","0","0","0"
"607","263","0","3","16261","16290","51881","0","0","0","0","0","0","0","0","0","0","0","0","0","0","0","0"
"2263","263","0","3","63373","63374","0","0","0","0","0","0","0","0","0","0","0","0","0","0","0","0","0"
"90614","263","0","3","1182036","1182037","1182038","0","0","0","0","0","0","0","0","0","0","0","0","0","0","0","0"
"110609","263","1","0","1116258","1116293","0","0","0","0","0","0","0","0","0","0","0","0","0","0","0","0","0"
"110613","263","1","1","1116255","1116302","1116303","1116304","1116305","0","0","0","0","0","0","0","0","0","0","0","0","0","0"
"110605","263","1","2","1116262","1116287","0","0","0","0","0","0","0","0","0","0","0","0","0","0","0","0","0"
"110607","263","1","3","1116261","1116290","1151881","0","0","0","0","0","0","0","0","0","0","0","0","0","0","0","0"
"110611","263","2","0","1116266","1129079","1129080","0","0","0","0","0","0","0","0","0","0","0","0","0","0","0","0"
"110617","263","2","2","1143338","0","0","0","0","0","0","0","0","0","0","0","0","0","0","1","0","0","0"
"110601","263","2","3","1116254","1116271","1116272","0","0","0","0","0","0","0","0","0","0","0","0","0","0","0","0"
"110602","263","3","1","1116256","1116281","1116282","0","0","0","0","0","0","613","0","0","4","0","0","0","0","0","0"
"110615","263","3","2","1116252","1116306","1116307","1116308","1116309","0","0","0","0","0","0","0","0","0","0","0","0","0","0"
"111647","263","4","0","1129192","1129193","0","0","0","0","0","0","0","0","0","0","0","0","0","0","0","0","0"
"110616","263","4","1","1116268","0","0","0","0","0","0","0","0","0","0","0","0","0","0","0","0","0","0"
"112083","263","4","2","1151883","1151884","1151885","0","0","0","0","0","0","0","0","0","0","0","0","0","0","0","0"
"95084","263","4","3","1182033","1182034","1182035","0","0","0","0","0","0","0","0","0","0","0","0","0","0","0","0"
"111689","263","5","0","1130802","1130808","1130809","0","0","0","0","0","0","0","0","0","0","0","0","0","0","0","0"
"111643","263","5","2","1129082","1129084","1129086","0","0","0","0","0","0","0","0","0","0","0","0","0","0","0","0"
"112263","263","5","3","1163373","1163374","0","0","0","0","0","0","0","0","0","0","0","0","0","0","0","0","0"
"111692","263","6","0","1130816","1130818","1130819","0","0","0","0","0","0","1690","0","0","0","0","0","0","0","0","0"
"111690","263","6","1","1130798","0","0","0","0","0","0","0","0","616","0","0","0","0","0","0","0","0","0"
"110901","263","6","2","1117364","0","0","0","0","0","0","0","0","0","0","0","0","0","0","1","0","0","0"
"94943","263","6","3","1182030","1182031","1182032","0","0","0","0","0","0","0","0","0","0","0","0","0","0","0","0"
"112055","263","7","0","1151525","1151526","1151527","0","0","0","0","0","0","0","0","0","0","0","0","0","0","0","0"
"95684","263","7","1","1182045","1182046","1182047","0","0","0","0","0","0","0","0","0","0","0","0","0","0","0","0"
"112054","263","7","2","1151521","1151522","0","0","0","0","0","0","0","901","0","0","0","0","0","0","0","0","0"
"111691","263","8","0","1130812","1130813","1130814","0","0","0","0","0","0","0","0","0","0","0","0","0","0","0","0"
"111693","263","8","1","1130823","0","0","0","0","0","0","0","0","0","0","0","0","0","0","1","0","0","0"
"112056","263","8","2","1151523","1151524","0","0","0","0","0","0","0","0","0","0","0","0","0","0","0","0","0"
"112057","263","9","1","1151528","1151529","1151530","0","0","0","0","0","0","0","0","0","0","0","0","0","0","0","0"
"112058","263","10","1","1151533","0","0","0","0","0","0","0","0","0","0","0","0","0","0","1","0","0","0"
"797","281","0","0","16940","16941","0","0","0","0","0","0","0","0","0","0","0","0","0","0","0","0","0"
"799","281","0","0","16947","16948","16949","0","0","0","0","0","0","0","0","0","0","0","0","0","0","0","0"
"802","281","0","0","16966","16968","0","0","0","0","0","0","0","0","0","0","0","0","0","0","0","0","0"
"807","281","0","0","17002","24866","0","0","0","0","0","0","0","0","0","0","0","0","0","0","0","0","0"
"1921","281","0","0","48492","48494","48495","0","0","0","0","0","0","0","0","0","0","0","0","0","0","0","0"
"2241","281","0","0","57873","57876","57877","0","0","0","0","0","0","0","0","0","0","0","0","0","0","0","0"
"2242","281","0","0","57878","57880","57881","0","0","0","0","0","0","0","0","0","0","0","0","0","0","0","0"
"796","281","0","1","16934","16935","16936","16937","16938","0","0","0","0","0","0","0","0","0","0","0","0","0","0"
"803","281","0","1","16972","16974","16975","0","0","0","0","0","0","0","0","0","0","0","0","0","0","0","0"
"805","281","0","1","16998","16999","0","0","0","0","0","0","0","0","0","0","0","0","0","0","0","0","0"
"808","281","0","1","17003","17004","17005","0","0","0","0","0","0","0","0","0","0","0","0","0","0","0","0"
"809","281","0","1","17007","0","0","0","0","0","0","0","0","0","0","0","0","0","0","1","0","0","0"
"1162","281","0","1","61336","0","0","0","0","0","0","0","0","0","0","0","0","0","0","1","0","0","0"
"1796","281","0","1","33917","0","0","0","0","0","0","0","0","0","0","0","0","0","0","0","0","0","0"
"1918","281","0","1","48432","48433","48434","0","0","0","0","0","0","0","0","0","0","0","0","0","0","0","0"
"1927","281","0","1","50334","0","0","0","0","0","0","0","0","0","0","0","0","0","0","1","0","0","0"
"110796","281","0","1","1116934","1116935","1116936","1116937","1116938","0","0","0","0","0","0","0","0","0","0","0","0","0","0"
"794","281","0","2","16929","16930","16931","0","0","0","0","0","0","0","0","0","0","0","0","0","0","0","0"
"795","281","0","2","16858","16859","16860","0","0","0","0","0","0","0","0","0","0","0","0","0","0","0","0"
"798","281","0","2","16942","16943","16944","0","0","0","0","0","0","0","0","0","0","0","0","0","0","0","0"
"801","281","0","2","37116","37117","0","0","0","0","0","0","0","0","0","0","0","0","0","0","0","0","0"
"804","281","0","2","49377","0","0","0","0","0","0","0","0","0","0","0","0","0","0","0","0","0","0"
"1794","281","0","2","33853","33855","33856","0","0","0","0","0","0","0","0","0","0","0","0","0","0","0","0"
"1795","281","0","2","33859","33866","33867","0","0","0","0","0","0","0","0","0","0","0","0","0","0","0","0"
"1798","281","0","2","34297","34300","0","0","0","0","0","0","0","0","0","0","0","0","0","0","0","0","0"
"1920","281","0","2","48532","48489","0","0","0","0","0","0","0","0","0","0","0","0","0","0","0","0","0"
"2266","281","0","2","63503","0","0","0","0","0","0","0","0","0","0","0","0","0","0","0","0","0","0"
"20794","281","0","2","915929","915930","915931","0","0","0","0","0","0","0","0","0","0","0","0","0","0","0","0"
"20795","281","0","2","915932","915933","915934","0","0","0","0","0","0","0","0","0","0","0","0","0","0","0","0"
"25794","281","0","2","277401","277402","0","0","0","0","0","0","0","0","0","0","0","0","0","0","0","0","0"
"110795","281","0","2","1116858","1116859","1116860","1116861","1116862","0","0","0","0","0","0","0","0","0","0","0","0","0","0"
"1792","281","0","3","33872","33873","0","0","0","0","0","0","0","0","0","0","0","0","0","0","0","0","0"
"1793","281","0","3","33851","33852","33957","0","0","0","0","0","0","0","0","0","0","0","0","0","0","0","0"
"1914","281","0","3","48409","48410","0","0","0","0","0","0","0","0","0","0","0","0","0","0","0","0","0"
"1919","281","0","3","48483","48484","48485","0","0","0","0","0","0","0","0","0","0","0","0","0","0","0","0"
"110799","281","1","0","1116947","1116948","1116949","0","0","0","0","0","0","0","0","0","0","0","0","0","0","0","0"
"110805","281","1","1","1116998","1116999","0","0","0","0","0","0","0","0","0","0","0","0","0","0","0","0","0"
"110794","281","1","2","1116929","1116930","1116931","0","0","0","0","0","0","0","0","0","0","0","0","0","0","0","0"
"110807","281","2","0","1117002","1124866","0","0","0","0","0","0","0","0","0","0","0","0","0","0","0","0","0"
"111162","281","2","1","1161336","0","0","0","0","0","0","0","0","0","0","0","0","0","0","1","0","0","0"
"110798","281","2","2","1116942","1116943","1116944","0","0","0","0","0","0","0","0","0","0","0","0","0","0","0","0"
"110802","281","3","0","1116966","1116968","0","0","0","0","0","0","0","0","0","0","0","0","0","0","0","0","0"
"110803","281","3","1","1116972","1116974","1116975","0","0","0","0","0","0","0","0","0","0","0","0","0","0","0","0"
"110801","281","3","2","1137116","1137117","0","0","0","0","0","0","0","798","0","0","2","0","0","0","0","0","0"
"111914","281","3","3","1148409","1148410","0","0","0","0","0","0","0","798","0","0","2","0","0","0","0","0","0"
"110797","281","4","0","1116940","1116941","0","0","0","0","0","0","0","0","0","0","0","0","0","0","0","0","0"
"110804","281","4","2","1149377","0","0","0","0","0","0","0","0","0","0","0","0","0","0","0","0","0","0"
"111792","281","4","3","1133872","1133873","0","0","0","0","0","0","0","0","0","0","0","0","0","0","0","0","0"
"112242","281","5","0","1157878","1157880","1157881","0","0","0","0","0","0","0","0","0","0","0","0","0","0","0","0"
"110808","281","5","1","1117003","1117004","1117005","1117006","1124894","0","0","0","0","803","0","0","2","0","0","0","0","0","0"
"111794","281","5","2","1133853","1133855","1133856","0","0","0","0","0","0","0","0","0","0","0","0","0","0","0","0"
"110809","281","6","1","1117007","0","0","0","0","0","0","0","0","0","0","0","0","0","0","1","0","0","0"
"111798","281","6","2","1134297","1134300","0","0","0","0","0","0","0","809","0","0","0","0","0","0","0","0","0"
"111793","281","6","3","1133851","1133852","1133957","0","0","0","0","0","0","0","0","0","0","0","0","0","0","0","0"
"112241","281","7","0","1157873","1157876","1157877","0","0","0","0","0","0","809","0","0","0","0","0","0","0","0","0"
"111795","281","7","2","1133859","1133866","1133867","0","0","0","0","0","0","0","0","0","0","0","0","0","0","0","0"
"111919","281","7","3","1148483","1148484","1148485","0","0","0","0","0","0","0","0","0","0","0","0","0","0","0","0"
"111921","281","8","0","1148492","1148494","1148495","0","0","0","0","0","0","0","0","0","0","0","0","0","0","0","0"
"111796","281","8","1","1133917","0","0","0","0","0","0","0","0","809","0","0","0","0","0","0","0","0","0"
"111920","281","8","2","1148532","1148489","0","0","0","0","0","0","0","1796","0","0","0","0","0","0","0","0","0"
"111918","281","9","1","1148432","1148433","1148434","0","0","0","0","0","0","0","0","0","0","0","0","0","0","0","0"
"112266","281","9","2","1163503","0","0","0","0","0","0","0","0","1918","0","0","4","0","0","0","0","0","0"
"111927","281","10","1","1150334","0","0","0","0","0","0","0","0","0","0","0","0","0","0","1","0","0","0"
"821","282","0","0","17050","17051","0","0","0","0","0","0","0","0","0","0","0","0","0","0","0","0","0"
"824","282","0","0","17069","17070","17071","0","0","0","0","0","0","0","0","0","0","0","0","0","0","0","0"
"829","282","0","0","17106","17107","17108","0","0","0","0","0","0","0","0","0","0","0","0","0","0","0","0"
"831","282","0","0","17116","0","0","0","0","0","0","0","0","0","0","0","0","0","0","1","0","0","0"
"1788","282","0","0","33879","33880","0","0","0","0","0","0","0","0","0","0","0","0","0","0","0","0","0"
"1797","282","0","0","34151","34152","34153","0","0","0","0","0","0","0","0","0","0","0","0","0","0","0","0"
"1929","282","0","0","48539","48544","48545","0","0","0","0","0","0","0","0","0","0","0","0","0","0","0","0"
"2264","282","0","0","63410","63411","0","0","0","0","0","0","0","0","0","0","0","0","0","0","0","0","0"
"110821","282","0","0","1117050","1117051","0","0","0","0","0","0","0","0","0","0","0","0","0","0","0","0","0"
"823","282","0","1","17063","17065","0","0","0","0","0","0","0","0","0","0","0","0","0","0","0","0","0"
"827","282","0","1","16864","0","0","0","0","0","0","0","0","0","0","0","0","0","0","0","0","0","0"
"828","282","0","1","17104","24943","24944","24945","24946","0","0","0","0","0","0","0","0","0","0","0","0","0","0"
"841","282","0","1","17118","17119","17120","0","0","0","0","0","0","0","0","0","0","0","0","0","0","0","0"
"843","282","0","1","24968","24969","24970","24971","24972","0","0","0","0","0","0","0","0","0","0","0","0","0","0"
"844","282","0","1","18562","0","0","0","0","0","0","0","0","0","0","0","0","0","0","1","0","0","0"
"1789","282","0","1","33886","33887","33888","0","0","0","0","0","0","0","0","0","0","0","0","0","0","0","0"
"1791","282","0","1","65139","0","0","0","0","0","0","0","0","0","0","0","0","0","0","1","0","0","0"
"1917","282","0","1","48438","0","0","0","0","0","0","0","0","0","0","0","0","0","0","1","0","0","0"
"110823","282","0","1","1117063","1117065","1117066","0","0","0","0","0","0","0","0","0","0","0","0","0","0","0","0"
"822","282","0","2","17056","17058","17059","0","0","0","0","0","0","0","0","0","0","0","0","0","0","0","0"
"825","282","0","2","17074","17075","17076","17077","17078","0","0","0","0","0","0","0","0","0","0","0","0","0","0"
"826","282","0","2","16833","16834","16835","0","0","0","0","0","0","0","0","0","0","0","0","1","0","0","0"
"830","282","0","2","17111","17112","17113","0","0","0","0","0","0","0","0","0","0","0","0","0","0","0","0"
"1790","282","0","2","33881","33882","33883","0","0","0","0","0","0","0","0","0","0","0","0","0","0","0","0"
"1915","282","0","2","48411","48412","0","0","0","0","0","0","0","0","0","0","0","0","0","0","0","0","0"
"1916","282","0","2","51179","51180","51181","0","0","0","0","0","0","0","0","0","0","0","0","0","0","0","0"
"1922","282","0","2","48496","48499","48500","0","0","0","0","0","0","0","0","0","0","0","0","0","0","0","0"
"1930","282","0","2","48535","48536","48537","0","0","0","0","0","0","0","0","0","0","0","0","0","0","0","0"
"110822","282","0","2","1117056","1117058","1117059","1117060","1117061","0","0","0","0","0","0","0","0","0","0","0","0","0","0"
"842","282","0","3","17123","17124","0","0","0","0","0","0","0","0","0","0","0","0","0","0","0","0","0"
"110824","282","1","0","1117069","1117070","1117071","1117072","1117073","0","0","0","0","0","0","0","0","0","0","0","0","0","0"
"110841","282","1","1","1117118","1117119","1117120","0","0","0","0","0","0","0","0","0","0","0","0","0","0","0","0"
"110826","282","1","2","1116833","1116834","1116835","0","0","0","0","0","0","0","0","0","0","0","0","0","0","0","0"
"110829","282","2","0","1117106","1117107","1117108","0","0","0","0","0","0","0","0","0","0","0","0","0","0","0","0"
"110827","282","2","1","1116864","0","0","0","0","0","0","0","0","0","0","0","0","0","0","0","0","0","0"
"111915","282","2","2","1148411","1148412","0","0","0","0","0","0","0","826","0","0","2","0","0","0","0","0","0"
"110843","282","3","1","1124968","1124969","1124970","1124971","1124972","0","0","0","0","0","0","0","0","0","0","0","0","0","0"
"110830","282","3","2","1117111","1117112","1117113","0","0","0","0","0","0","0","0","0","0","0","0","0","0","0","0"
"110831","282","4","0","1117116","0","0","0","0","0","0","0","0","829","0","0","2","0","0","1","0","0","0"
"110828","282","4","1","1117104","1124943","1124944","1124945","1124946","0","0","0","0","0","0","0","0","0","0","0","0","0","0"
"110842","282","4","3","1117123","1117124","0","0","0","0","0","0","0","0","0","0","0","0","0","0","0","0","0"
"111788","282","5","0","1133879","1133880","0","0","0","0","0","0","0","0","0","0","0","0","0","0","0","0","0"
"110825","282","5","2","1117074","1117075","1117076","1117077","1117078","0","0","0","0","830","0","0","2","0","0","0","0","0","0"
"111797","282","6","0","1134151","1134152","1134153","0","0","0","0","0","0","0","0","0","0","0","0","0","0","0","0"
"110844","282","6","1","1118562","0","0","0","0","0","0","0","0","828","0","0","4","0","0","1","0","0","0"
"111790","282","6","2","1133881","1133882","1133883","0","0","0","0","0","0","0","0","0","0","0","0","0","0","0","0"
"111789","282","7","1","1133886","1133887","1133888","0","0","0","0","0","0","0","0","0","0","0","0","0","0","0","0"
"111922","282","7","2","1148496","1148499","1148500","0","0","0","0","0","0","0","0","0","0","0","0","0","0","0","0"
"111929","282","8","0","1148539","1148544","1148545","0","0","0","0","0","0","0","0","0","0","0","0","0","0","0","0"
"111791","282","8","1","1165139","0","0","0","0","0","0","0","0","1789","0","0","4","0","0","1","0","0","0"
"111930","282","8","2","1148535","1148536","1148537","0","0","0","0","0","0","1791","0","0","0","0","0","0","0","0","0"
"112264","282","9","0","1163410","1163411","0","0","0","0","0","0","0","0","0","0","0","0","0","0","0","0","0"
"111916","282","9","2","1151179","1151180","1151181","0","0","0","0","0","0","0","0","0","0","0","0","0","0","0","0"
"111917","282","10","1","1148438","0","0","0","0","0","0","0","0","1791","0","0","0","0","0","1","0","0","0"
"782","283","0","0","16836","16839","16840","0","0","0","0","0","0","0","0","0","0","0","0","0","0","0","0"
"783","283","0","0","16845","16846","16847","0","0","0","0","0","0","0","0","0","0","0","0","0","0","0","0"
"1782","283","0","0","33589","33590","33591","0","0","0","0","0","0","0","0","0","0","0","0","0","0","0","0"
"1784","283","0","0","33597","33599","33956","0","0","0","0","0","0","0","0","0","0","0","0","0","0","0","0"
"1913","283","0","0","48389","48392","48393","0","0","0","0","0","0","0","0","0","0","0","0","0","0","0","0"
"1924","283","0","0","48516","48521","48525","0","0","0","0","0","0","0","0","0","0","0","0","0","0","0","0"
"5984","283","0","0","984417","984418","984419","0","0","0","0","0","0","0","0","0","0","0","0","0","0","0","0"
"762","283","0","1","16814","16815","16816","0","0","0","0","0","0","0","0","0","0","0","0","0","0","0","0"
"788","283","0","1","5570","0","0","0","0","0","0","0","0","0","0","0","0","0","0","1","0","0","0"
"789","283","0","1","16880","61345","61346","0","0","0","0","0","0","0","0","0","0","0","0","0","0","0","0"
"790","283","0","1","16896","16897","16899","0","0","0","0","0","0","0","0","0","0","0","0","0","0","0","0"
"792","283","0","1","16909","16910","16911","16912","16913","0","0","0","0","0","0","0","0","0","0","0","0","0","0"
"793","283","0","1","24858","0","0","0","0","0","0","0","0","0","0","0","0","0","0","1","0","0","0"
"1822","283","0","1","35363","35364","0","0","0","0","0","0","0","0","0","0","0","0","0","0","0","0","0"
"1923","283","0","1","50516","0","0","0","0","0","0","0","0","0","0","0","0","0","0","1","0","0","0"
"1926","283","0","1","48505","0","0","0","0","0","0","0","0","0","0","0","0","0","0","1","0","0","0"
"1928","283","0","1","48506","48510","48511","0","0","0","0","0","0","0","0","0","0","0","0","0","0","0","0"
"110762","283","0","1","1116814","1116815","1116816","1116817","1116818","0","0","0","0","0","0","0","0","0","0","0","0","0","0"
"784","283","0","2","16850","16923","0","0","0","0","0","0","0","0","0","0","0","0","0","0","0","0","0"
"1783","283","0","2","33592","33596","0","0","0","0","0","0","0","0","0","0","0","0","0","0","0","0","0"
"1786","283","0","2","33603","33604","33605","0","0","0","0","0","0","0","0","0","0","0","0","0","0","0","0"
"1787","283","0","2","33831","0","0","0","0","0","0","0","0","0","0","0","0","0","0","1","0","0","0"
"1912","283","0","2","48384","48395","48396","0","0","0","0","0","0","0","0","0","0","0","0","0","0","0","0"
"2238","283","0","2","57810","57811","57812","57813","57814","0","0","0","0","0","0","0","0","0","0","0","0","0","0"
"2239","283","0","2","57849","57850","57851","0","0","0","0","0","0","0","0","0","0","0","0","0","0","0","0"
"2240","283","0","2","857866","0","0","0","0","0","0","0","0","0","0","0","0","0","0","0","0","0","0"
"112238","283","0","2","1157810","1157811","1157812","1157813","1157814","0","0","0","0","0","0","0","0","0","0","0","0","0","0"
"763","283","0","3","16821","16822","816823","0","0","0","0","0","0","0","0","0","0","0","0","0","0","0","0"
"764","283","0","3","16819","16820","816819","0","0","0","0","0","0","0","0","0","0","0","0","0","0","0","0"
"987","283","0","3","12219","12220","12221","0","0","0","0","0","0","0","0","0","0","0","0","0","0","0","0"
"1785","283","0","3","33600","33601","33602","0","0","0","0","0","0","0","0","0","0","0","0","0","0","0","0"
"1925","283","0","3","48488","48514","848514","0","0","0","0","0","0","0","0","0","0","0","0","0","0","0","0"
"110783","283","1","0","1116845","1116846","1116847","0","0","0","0","0","0","0","0","0","0","0","0","0","0","0","0"
"111822","283","1","1","1135363","1135364","0","0","0","0","0","0","0","0","0","0","0","0","0","0","0","0","0"
"110763","283","1","3","1116821","1116822","0","0","0","0","0","0","0","0","0","0","0","0","0","0","0","0","0"
"110782","283","2","0","1116836","1116839","1116840","0","0","0","0","0","0","0","0","0","0","0","0","0","0","0","0"
"110789","283","2","1","1116880","1161345","1161346","0","0","0","0","0","0","1822","0","0","1","0","0","0","0","0","0"
"112240","283","2","2","1157865","0","0","0","0","0","0","0","0","1822","0","0","1","0","0","0","0","0","0"
"110764","283","2","3","1116819","1116820","0","0","0","0","0","0","0","0","0","0","0","0","0","0","0","0","0"
"110792","283","3","1","1116909","1116910","1116911","0","0","0","0","0","0","0","0","0","0","0","0","0","0","0","0"
"110784","283","3","2","1116850","1116923","1116924","0","0","0","0","0","0","0","0","0","0","0","0","0","0","0","0"
"111782","283","4","0","1133589","1133590","1133591","0","0","0","0","0","0","0","0","0","0","0","0","0","0","0","0"
"110788","283","4","1","1105570","0","0","0","0","0","0","0","0","0","0","0","0","0","0","1","0","0","0"
"112239","283","4","2","1157849","1157850","1157851","0","0","0","0","0","0","788","0","0","0","0","0","0","0","0","0"
"111784","283","5","0","1133597","1133599","1133956","0","0","0","0","0","0","0","0","0","0","0","0","0","0","0","0"
"110790","283","5","1","1116896","1116897","1116899","0","0","0","0","0","0","0","0","0","0","0","0","0","0","0","0"
"111783","283","5","2","1133592","1133596","0","0","0","0","0","0","0","0","0","0","0","0","0","0","0","0","0"
"110793","283","6","1","1124858","0","0","0","0","0","0","0","0","0","0","0","0","0","0","1","0","0","0"
"111912","283","6","2","1148384","1148395","1148396","0","0","0","0","0","0","793","0","0","0","0","0","0","0","0","0"
"111785","283","6","3","1133600","1133601","1133602","0","0","0","0","0","0","0","0","0","0","0","0","0","0","0","0"
"111913","283","7","0","1148389","1148392","1148393","0","0","0","0","0","0","793","0","0","0","0","0","0","0","0","0"
"111786","283","7","2","1133603","1133604","1133605","0","0","0","0","0","0","0","0","0","0","0","0","0","0","0","0"
"111924","283","8","0","1148516","1148521","1148525","0","0","0","0","0","0","0","0","0","0","0","0","0","0","0","0"
"111923","283","8","1","1150516","0","0","0","0","0","0","0","0","793","0","0","0","0","0","1","0","0","0"
"111787","283","8","2","1133831","0","0","0","0","0","0","0","0","0","0","0","0","0","0","1","0","0","0"
"111925","283","8","3","1148488","1148514","0","0","0","0","0","0","0","0","0","0","0","0","0","0","0","0","0"
"111928","283","9","1","1148506","1148510","1148511","0","0","0","0","0","0","0","0","0","0","0","0","0","0","0","0"
"111926","283","10","1","1148505","0","0","0","0","0","0","0","0","0","0","0","0","0","0","1","0","0","0"
"982","301","0","0","18119","18120","0","0","0","0","0","0","0","0","0","0","0","0","0","0","0","0","0"
"983","301","0","0","18126","18127","0","0","0","0","0","0","0","0","0","0","0","0","0","0","0","0","0"
"985","301","0","0","18135","18136","0","0","0","0","0","0","0","0","0","0","0","0","0","0","0","0","0"
"1679","301","0","0","30299","30301","30302","0","0","0","0","0","0","0","0","0","0","0","0","0","0","0","0"
"1817","301","0","0","34935","34938","34939","0","0","0","0","0","0","0","0","0","0","0","0","0","0","0","0"
"1888","301","0","0","47258","47259","47260","0","0","0","0","0","0","0","0","0","0","0","0","0","0","0","0"
"941","301","0","1","17778","17779","17780","0","0","0","0","0","0","0","0","0","0","0","0","0","0","0","0"
"944","301","0","1","17793","17796","17801","17802","17803","0","0","0","0","0","0","0","0","0","0","0","0","0","0"
"963","301","0","1","17877","0","0","0","0","0","0","0","0","0","0","0","0","0","0","1","0","0","0"
"964","301","0","1","17917","17918","817918","0","0","0","0","0","0","0","0","0","0","0","0","0","0","0","0"
"968","301","0","1","17962","0","0","0","0","0","0","0","0","0","0","0","0","0","0","1","0","0","0"
"1676","301","0","1","30283","0","0","0","0","0","0","0","0","0","0","0","0","0","0","1","0","0","0"
"1677","301","0","1","30288","30289","30290","0","0","0","0","0","0","0","0","0","0","0","0","0","0","0","0"
"1887","301","0","1","63349","63350","63351","0","0","0","0","0","0","0","0","0","0","0","0","0","0","0","0"
"1890","301","0","1","47266","47267","47268","0","0","0","0","0","0","0","0","0","0","0","0","0","0","0","0"
"1891","301","0","1","50796","0","0","0","0","0","0","0","0","0","0","0","0","0","0","1","0","0","0"
"5002","301","0","1","17806","17807","17808","0","0","0","0","0","0","0","0","0","0","0","0","0","0","0","0"
"5003","301","0","1","17931","17932","17933","0","0","0","0","0","0","0","0","0","0","0","0","0","0","0","0"
"110944","301","0","1","1117793","1117796","1117801","1117802","1117803","0","0","0","0","0","0","0","0","0","0","0","0","0","0"
"943","301","0","2","17788","17789","17790","0","0","0","0","0","0","0","0","0","0","0","0","0","0","0","0"
"961","301","0","2","17815","17833","17834","0","0","0","0","0","0","0","0","0","0","0","0","0","0","0","0"
"966","301","0","2","17954","17955","17956","17957","17958","0","0","0","0","0","0","0","0","0","0","0","0","0","0"
"967","301","0","2","17959","59738","59739","59740","59741","0","0","0","0","0","0","0","0","0","0","0","0","0","0"
"981","301","0","2","18130","0","0","0","0","0","0","0","0","0","0","0","0","0","0","0","0","0","0"
"1678","301","0","2","30293","30295","30296","0","0","0","0","0","0","0","0","0","0","0","0","0","0","0","0"
"1889","301","0","2","54117","54118","0","0","0","0","0","0","0","0","0","0","0","0","0","0","0","0","0"
"2045","301","0","2","47220","47221","47223","0","0","0","0","0","0","0","0","0","0","0","0","0","0","0","0"
"110943","301","0","2","1117788","1117789","1117790","1117791","1117792","0","0","0","0","0","0","0","0","0","0","0","0","0","0"
"965","301","0","3","17927","17929","17930","0","0","0","0","0","0","0","0","0","0","0","0","0","0","0","0"
"986","301","0","3","18096","18073","63245","0","0","0","0","0","0","0","0","0","0","0","0","0","0","0","0"
"110982","301","1","0","1118119","1118120","0","0","0","0","0","0","0","0","0","0","0","0","0","0","0","0","0"
"111887","301","1","1","1163349","1163350","1163351","0","0","0","0","0","0","0","0","0","0","0","0","0","0","0","0"
"110941","301","1","2","1117778","1117779","1117780","0","0","0","0","0","0","0","0","0","0","0","0","0","0","0","0"
"110983","301","2","0","1118126","1118127","0","0","0","0","0","0","0","0","0","0","0","0","0","0","0","0","0"
"110963","301","2","1","1117877","0","0","0","0","0","0","0","0","0","0","0","0","0","0","1","0","0","0"
"110967","301","2","2","1117959","1159738","1159739","1159740","1159741","0","0","0","0","0","0","0","0","0","0","0","0","0","0"
"110985","301","3","0","1118135","1118136","0","0","0","0","0","0","0","0","0","0","0","0","0","0","0","0","0"
"110964","301","3","1","1117917","1117918","0","0","0","0","0","0","0","0","0","0","0","0","0","0","0","0","0"
"110965","301","3","3","1117927","1117929","1117930","0","0","0","0","0","0","0","0","0","0","0","0","0","0","0","0"
"111817","301","4","0","1134935","1134938","1134939","0","0","0","0","0","0","985","0","0","1","0","0","0","0","0","0"
"110961","301","4","1","1117815","1117833","1117834","0","0","0","0","0","0","0","0","0","0","0","0","0","0","0","0"
"110981","301","4","2","1118130","0","0","0","0","0","0","0","0","967","0","0","4","0","0","0","0","0","0"
"111679","301","5","0","1130299","1130301","1130302","0","0","0","0","0","0","0","0","0","0","0","0","0","0","0","0"
"110966","301","5","2","1117954","1117955","1117956","1117957","1117958","0","0","0","0","0","0","0","0","0","0","0","0","0","0"
"110968","301","6","1","1117962","0","0","0","0","0","0","0","0","961","0","0","2","0","0","1","0","0","0"
"111678","301","6","2","1130293","1130295","1130296","0","0","0","0","0","0","0","0","0","0","0","0","0","0","0","0"
"110986","301","6","3","1118096","1118073","1163245","0","0","0","0","0","0","0","0","0","1","0","0","0","0","0","0"
"111677","301","7","1","1130288","1130289","1130290","0","0","0","0","0","0","0","0","0","0","0","0","0","0","0","0"
"111889","301","7","2","1154117","1154118","0","0","0","0","0","0","0","1678","0","0","2","0","0","0","0","0","0"
"111888","301","8","0","1147258","1147259","1147260","0","0","0","0","0","0","968","0","0","0","0","0","0","0","0","0"
"111676","301","8","1","1130283","0","0","0","0","0","0","0","0","0","0","0","0","0","0","1","0","0","0"
"112045","301","8","2","1147220","1147221","1147223","0","0","0","0","0","0","0","0","0","0","0","0","0","0","0","0"
"111890","301","9","1","1147266","1147267","1147268","0","0","0","0","0","0","0","0","0","0","0","0","0","0","0","0"
"111891","301","10","1","1150796","0","0","0","0","0","0","0","0","0","0","0","0","0","0","1","0","0","0"
"1006","302","0","0","18179","18180","0","0","0","0","0","0","0","0","0","0","0","0","0","0","0","0","0"
"1021","302","0","0","18218","18219","818219","0","0","0","0","0","0","0","0","0","0","0","0","0","0","0","0"
"1284","302","0","0","18827","18829","0","0","0","0","0","0","0","0","0","0","0","0","0","0","0","0","0"
"1668","302","0","0","30054","30057","0","0","0","0","0","0","0","0","0","0","0","0","0","0","0","0","0"
"1763","302","0","0","32385","32387","32392","32393","32394","0","0","0","0","0","0","0","0","0","0","0","0","0","0"
"1873","302","0","0","54037","54038","0","0","0","0","0","0","0","0","0","0","0","0","0","0","0","0","0"
"1875","302","0","0","47198","47199","47200","0","0","0","0","0","0","0","0","0","0","0","0","0","0","0","0"
"1878","302","0","0","47195","47196","47197","0","0","0","0","0","0","0","0","0","0","0","0","0","0","0","0"
"2205","302","0","0","53754","53759","0","0","0","0","0","0","0","0","0","0","0","0","0","0","0","0","0"
"111284","302","0","0","1118827","1118829","0","0","0","0","0","0","0","0","0","0","0","0","0","0","0","0","0"
"1001","302","0","1","17783","17784","0","0","0","0","0","0","0","0","0","0","0","0","0","0","0","0","0"
"1002","302","0","1","18094","18095","0","0","0","0","0","0","0","0","0","0","0","0","0","0","0","0","0"
"1005","302","0","1","18174","18175","18176","0","0","0","0","0","0","0","0","0","0","0","0","0","0","0","0"
"1041","302","0","1","63108","0","0","0","0","0","0","0","0","0","0","0","0","0","0","1","0","0","0"
"1042","302","0","1","18271","18272","18273","0","0","0","0","0","0","0","0","0","0","0","0","0","0","0","0"
"1101","302","0","1","18213","18372","0","0","0","0","0","0","0","0","0","0","0","0","0","0","0","0","0"
"1669","302","0","1","30060","30061","30062","0","0","0","0","0","0","0","0","0","0","0","0","0","0","0","0"
"1670","302","0","1","30108","0","0","0","0","0","0","0","0","0","0","0","0","0","0","1","0","0","0"
"1876","302","0","1","47201","47202","47203","0","0","0","0","0","0","0","0","0","0","0","0","0","0","0","0"
"2041","302","0","1","48181","0","0","0","0","0","0","0","0","0","0","0","0","0","0","1","0","0","0"
"111005","302","0","1","1118174","1118175","1118176","0","0","0","0","0","0","0","0","0","0","0","0","0","0","0","0"
"1003","302","0","2","17810","17811","17812","0","0","0","0","0","0","0","0","0","0","0","0","0","0","0","0"
"1007","302","0","2","18182","18183","0","0","0","0","0","0","0","0","0","0","0","0","0","0","0","0","0"
"1022","302","0","2","18220","0","0","0","0","0","0","0","0","0","0","0","0","0","0","1","0","0","0"
"1061","302","0","2","18288","0","0","0","0","0","0","0","0","0","0","0","0","0","0","1","0","0","0"
"1081","302","0","2","18223","0","0","0","0","0","0","0","0","0","0","0","0","0","0","1","0","0","0"
"1667","302","0","2","32477","32483","32484","0","0","0","0","0","0","0","0","0","0","0","0","0","0","0","0"
"2245","302","0","2","58435","0","0","0","0","0","0","0","0","0","0","0","0","0","0","0","0","0","0"
"111003","302","0","2","1117810","1117811","1117812","1117813","1117814","0","0","0","0","0","0","0","0","0","0","0","0","0","0"
"1004","302","0","3","17804","17805","0","0","0","0","0","0","0","0","0","0","0","0","0","0","0","0","0"
"1764","302","0","3","32381","32382","32383","0","0","0","0","0","0","0","0","0","0","0","0","0","0","0","0"
"5667","302","0","3","32505","32506","32507","0","0","0","0","0","0","0","0","0","0","0","0","0","0","0","0"
"111006","302","1","0","1118179","1118180","0","0","0","0","0","0","0","0","0","0","0","0","0","0","0","0","0"
"111101","302","1","1","1118213","1118372","0","0","0","0","0","0","0","0","0","0","0","0","0","0","0","0","0"
"111007","302","1","2","1118182","1118183","0","0","0","0","0","0","0","0","0","0","0","0","0","0","0","0","0"
"111004","302","1","3","1117804","1117805","0","0","0","0","0","0","0","0","0","0","0","0","0","0","0","0","0"
"112205","302","2","0","1153754","1153759","0","0","0","0","0","0","0","0","0","0","0","0","0","0","0","0","0"
"111001","302","2","1","1117783","1117784","1117785","0","0","0","0","0","0","0","0","0","0","0","0","0","0","0","0"
"111061","302","2","2","1118288","0","0","0","0","0","0","0","0","0","0","0","0","0","0","1","0","0","0"
"111021","302","3","0","1118218","1118219","0","0","0","0","0","0","0","0","0","0","0","0","0","0","0","0","0"
"111002","302","3","1","1118094","1118095","0","0","0","0","0","0","0","0","0","0","0","0","0","0","0","0","0"
"111764","302","3","3","1132381","1132382","1132383","0","0","0","0","0","0","0","0","0","0","0","0","0","0","0","0"
"111763","302","4","0","1132385","1132387","1132392","1132393","1132394","0","0","0","0","0","0","0","0","0","0","0","0","0","0"
"111041","302","4","1","1163108","0","0","0","0","0","0","0","0","0","0","0","0","0","0","1","0","0","0"
"111081","302","4","2","1118223","0","0","0","0","0","0","0","0","1061","0","0","0","0","0","1","0","0","0"
"111873","302","5","0","1154037","1154038","0","0","0","0","0","0","0","0","0","0","0","0","0","0","0","0","0"
"111042","302","5","1","1118271","1118272","1118273","1118274","1118275","0","0","0","0","1041","0","0","0","0","0","0","0","0","0"
"111878","302","6","0","1147195","1147196","1147197","0","0","0","0","0","0","0","0","0","0","0","0","0","0","0","0"
"111669","302","6","1","1130060","1130061","1130062","0","0","0","0","0","0","0","0","0","0","0","0","0","0","0","0"
"111022","302","6","2","1118220","0","0","0","0","0","0","0","0","0","0","0","0","0","0","1","0","0","0"
"111668","302","7","0","1130054","1130057","0","0","0","0","0","0","0","0","0","0","0","0","0","0","0","0","0"
"111667","302","7","2","1132477","1132483","1132484","0","0","0","0","0","0","0","0","0","0","0","0","0","0","0","0"
"111875","302","8","0","1147198","1147199","1147200","0","0","0","0","0","0","0","0","0","0","0","0","0","0","0","0"
"111670","302","8","1","1130108","0","0","0","0","0","0","0","0","1669","0","0","4","0","0","1","0","0","0"
"112245","302","8","2","1158435","0","0","0","0","0","0","0","0","1670","0","0","0","0","0","0","0","0","0"
"111876","302","9","1","1147201","1147202","1147203","0","0","0","0","0","0","0","0","0","0","0","0","0","0","0","0"
"112041","302","10","1","1148181","0","0","0","0","0","0","0","0","0","0","0","0","0","0","1","0","0","0"
"1221","303","0","0","18692","18693","0","0","0","0","0","0","0","0","0","0","0","0","0","0","0","0","0"
"1224","303","0","0","18703","18704","0","0","0","0","0","0","0","0","0","0","0","0","0","0","0","0","0"
"1243","303","0","0","18754","18755","18756","0","0","0","0","0","0","0","0","0","0","0","0","0","0","0","0"
"1281","303","0","0","30326","830326","0","0","0","0","0","0","0","0","0","0","0","0","0","1","0","0","0"
"1680","303","0","0","30319","30320","30321","0","0","0","0","0","0","0","0","0","0","0","0","0","0","0","0"
"1882","303","0","0","54347","54348","54349","0","0","0","0","0","0","0","0","0","0","0","0","0","0","0","0"
"111221","303","0","0","1118692","1118693","0","0","0","0","0","0","0","0","0","0","0","0","0","0","0","0","0"
"1222","303","0","1","18694","18695","18696","0","0","0","0","0","0","0","0","0","0","0","0","0","0","0","0"
"1225","303","0","1","18705","18706","18707","0","0","0","0","0","0","0","0","0","0","0","0","0","0","0","0"
"1244","303","0","1","23785","23822","23823","23824","23825","0","0","0","0","0","0","0","0","0","0","0","0","0","0"
"1262","303","0","1","18769","18770","18771","18772","18773","0","0","0","0","0","0","0","0","0","0","0","0","0","0"
"1282","303","0","1","19028","0","0","0","0","0","0","0","0","0","0","0","0","0","0","1","0","0","0"
"1672","303","0","1","30146","0","0","0","0","0","0","0","0","0","0","0","0","0","0","1","0","0","0"
"1673","303","0","1","30242","30245","30246","30247","30248","0","0","0","0","0","0","0","0","0","0","0","0","0","0"
"1880","303","0","1","47193","0","0","0","0","0","0","0","0","0","0","0","0","0","0","1","0","0","0"
"1885","303","0","1","47236","47237","47238","47239","47240","0","0","0","0","0","0","0","0","0","0","0","0","0","0"
"1886","303","0","1","59672","0","0","0","0","0","0","0","0","0","0","0","0","0","0","1","0","0","0"
"11244","303","0","1","423785","423822","423823","423824","423825","0","0","0","0","0","0","0","0","0","0","0","0","0","0"
"111222","303","0","1","1118694","1118695","1118696","0","0","0","0","0","0","0","0","0","0","0","0","0","0","0","0"
"1226","303","0","2","18708","0","0","0","0","0","0","0","0","0","0","0","0","0","0","1","0","0","0"
"1227","303","0","2","18709","18710","0","0","0","0","0","0","0","0","0","0","0","0","0","0","0","0","0"
"1242","303","0","2","18731","18743","18744","0","0","0","0","0","0","0","0","0","0","0","0","0","0","0","0"
"1261","303","0","2","18767","18768","0","0","0","0","0","0","0","0","0","0","0","0","0","0","0","0","0"
"1263","303","0","2","35691","35692","35693","0","0","0","0","0","0","0","0","0","0","0","0","0","0","0","0"
"1283","303","0","2","47245","47246","47247","0","0","0","0","0","0","0","0","0","0","0","0","0","0","0","0"
"1883","303","0","2","47230","47231","0","0","0","0","0","0","0","0","0","0","0","0","0","0","0","0","0"
"1884","303","0","2","63117","63121","63123","0","0","0","0","0","0","0","0","0","0","0","0","0","0","0","0"
"2261","303","0","2","63156","63158","0","0","0","0","0","0","0","0","0","0","0","0","0","0","0","0","0"
"111223","303","0","2","1118697","1118698","1118699","0","0","0","0","0","0","0","0","0","0","0","0","0","0","0","0"
"1223","303","0","3","18697","18698","18699","0","0","0","0","0","0","0","0","0","0","0","0","0","0","0","0"
"1671","303","0","3","30143","30144","30145","0","0","0","0","0","0","0","0","0","0","0","0","0","0","0","0"
"5985","303","0","3","275529","275530","0","0","0","0","0","0","0","0","0","0","0","0","0","0","0","0","0"
"111883","303","0","3","1147230","1147231","0","0","0","0","0","0","0","0","0","0","0","0","0","0","0","0","0"
"9671","303","0","4","901314","901315","901316","0","0","0","0","0","0","0","0","0","0","0","0","0","0","0","0"
"111224","303","1","0","1118703","1118704","0","0","0","0","0","0","0","0","0","0","0","0","0","0","0","0","0"
"111225","303","1","1","1118705","1118706","1118707","0","0","0","0","0","0","0","0","0","0","0","0","0","0","0","0"
"111242","303","1","2","1118731","1118743","1118744","0","0","0","0","0","0","0","0","0","0","0","0","0","0","0","0"
"111243","303","2","0","1118754","1118755","1118756","0","0","0","0","0","0","0","0","0","0","0","0","0","0","0","0"
"111282","303","2","1","1119028","0","0","0","0","0","0","0","0","0","0","0","0","0","0","1","0","0","0"
"111226","303","2","2","1118708","0","0","0","0","0","0","0","0","0","0","0","0","0","0","1","0","0","0"
"55001","303","2","3","1118778","1118779","0","0","0","0","0","0","0","0","0","0","0","0","0","0","0","0","0"
"111671","303","2","3","1130143","1130144","1130145","0","0","0","0","0","0","0","0","0","0","0","0","0","0","0","0"
"111262","303","3","1","1118769","1118770","1118771","0","0","0","0","0","0","1282","0","0","0","0","0","0","0","0","0"
"111227","303","3","2","1118709","1118710","0","0","0","0","0","0","0","1226","0","0","0","0","0","0","0","0","0"
"111281","303","4","0","1130326","0","0","0","0","0","0","0","0","1262","0","0","4","0","0","1","0","0","0"
"111261","303","4","2","1118767","1118768","0","0","0","0","0","0","0","0","0","0","0","0","0","0","0","0","0"
"55000","303","4","3","118778","118779","0","0","0","0","0","0","0","0","0","0","0","0","0","0","0","0","0"
"55002","303","4","3","1118774","1118775","0","0","0","0","0","0","0","0","0","0","0","0","0","0","0","0","0"
"111244","303","5","1","1123785","1123822","1123823","1123824","1123825","0","0","0","0","1262","0","0","4","0","0","0","0","0","0"
"111283","303","5","2","1147245","1147246","1147247","0","0","0","0","0","0","0","0","0","0","0","0","0","0","0","0"
"111680","303","6","0","1130319","1130320","1130321","0","0","0","0","0","0","0","0","0","0","0","0","0","0","0","0"
"111880","303","6","1","1147193","0","0","0","0","0","0","0","0","1244","0","0","4","0","0","1","0","0","0"
"111263","303","6","2","1135691","1135692","1135693","0","0","0","0","0","0","0","0","0","0","0","0","0","0","0","0"
"111673","303","7","1","1130242","1130245","1130246","0","0","0","0","0","0","0","0","0","0","0","0","0","0","0","0"
"112261","303","7","2","1163156","1163158","0","0","0","0","0","0","0","0","0","0","0","0","0","0","0","0","0"
"111882","303","8","0","1154347","1154348","1154349","0","0","0","0","0","0","1673","0","0","4","0","0","0","0","0","0"
"111672","303","8","1","1130146","0","0","0","0","0","0","0","0","0","0","0","0","0","0","1","0","0","0"
"111884","303","8","2","1163117","1163121","1163123","0","0","0","0","0","0","0","0","0","0","0","0","0","0","0","0"
"111885","303","9","1","1147236","1147237","1147238","0","0","0","0","0","0","0","0","0","0","0","0","0","0","0","0"
"111886","303","10","1","1159672","0","0","0","0","0","0","0","0","0","0","0","0","0","0","1","0","0","0"
"1384","361","0","0","19559","19560","0","0","0","0","0","0","0","0","0","0","0","0","0","0","0","0","0"
"1388","361","0","0","19578","20895","0","0","0","0","0","0","0","0","0","0","0","0","0","0","0","0","0"
"1624","361","0","0","35029","35030","0","0","0","0","0","0","0","0","0","0","0","0","0","0","0","0","0"
"1799","361","0","0","34453","34454","0","0","0","0","0","0","0","0","0","0","0","0","0","0","0","0","0"
"1800","361","0","0","34455","34459","34460","0","0","0","0","0","0","0","0","0","0","0","0","0","0","0","0"
"2136","361","0","0","53252","53253","0","0","0","0","0","0","0","0","0","0","0","0","0","0","0","0","0"
"2140","361","0","0","53262","53263","53264","0","0","0","0","0","0","0","0","0","0","0","0","0","0","0","0"
"1381","361","0","1","19549","19550","19551","0","0","0","0","0","0","0","0","0","0","0","0","0","0","0","0"
"1382","361","0","1","19552","19553","19554","19555","19556","0","0","0","0","0","0","0","0","0","0","0","0","0","0"
"1385","361","0","1","19572","19573","0","0","0","0","0","0","0","0","0","0","0","0","0","0","0","0","0"
"1386","361","0","1","19574","0","0","0","0","0","0","0","0","0","0","0","0","0","0","1","0","0","0"
"1387","361","0","1","19577","0","0","0","0","0","0","0","0","0","0","0","0","0","0","1","0","0","0"
"1803","361","0","1","34692","0","0","0","0","0","0","0","0","0","0","0","0","0","0","0","0","0","0"
"2138","361","0","1","53265","0","0","0","0","0","0","0","0","0","0","0","0","0","0","0","0","0","0"
"2139","361","0","1","53270","0","0","0","0","0","0","0","0","0","0","0","0","0","0","1","0","0","0"
"2227","361","0","1","56314","56315","56316","56317","56318","0","0","0","0","0","0","0","0","0","0","0","0","0","0"
"111382","361","0","1","1119552","1119553","1119554","1119555","1119556","0","0","0","0","0","0","0","0","0","0","0","0","0","0"
"1389","361","0","2","19583","19584","19585","19586","19587","0","0","0","0","0","0","0","0","0","0","0","0","0","0"
"1393","361","0","2","19598","19599","19600","0","0","0","0","0","0","0","0","0","0","0","0","0","0","0","0"
"1395","361","0","2","19609","19610","19612","0","0","0","0","0","0","0","0","0","0","0","0","0","0","0","0"
"1396","361","0","2","19616","19617","19618","19619","19620","0","0","0","0","0","0","0","0","0","0","0","0","0","0"
"1397","361","0","2","19621","19622","19623","0","0","0","0","0","0","0","0","0","0","0","0","0","0","0","0"
"1801","361","0","2","34462","34464","34465","0","0","0","0","0","0","0","0","0","0","0","0","0","0","0","0"
"1802","361","0","2","34466","34467","34468","0","0","0","0","0","0","0","0","0","0","0","0","0","0","0","0"
"2137","361","0","2","53256","53259","53260","0","0","0","0","0","0","0","0","0","0","0","0","0","0","0","0"
"111389","361","0","2","1119583","1119584","1119585","1119586","1119587","0","0","0","0","0","0","0","0","0","0","0","0","0","0"
"1390","361","0","3","19590","19592","0","0","0","0","0","0","0","0","0","0","0","0","0","0","0","0","0"
"1625","361","0","3","24443","19575","0","0","0","0","0","0","0","0","0","0","0","0","0","0","0","0","0"
"111624","361","1","0","1135029","1135030","0","0","0","0","0","0","0","0","0","0","0","0","0","0","0","0","0"
"111381","361","1","1","1119549","1119550","1119551","0","0","0","0","0","0","0","0","0","0","0","0","0","0","0","0"
"111395","361","1","2","1119609","1119610","1119612","0","0","0","0","0","0","0","0","0","0","0","0","0","0","0","0"
"111625","361","1","3","1124443","1119575","0","0","0","0","0","0","0","0","0","0","0","0","0","0","0","0","0"
"111384","361","2","0","1119559","1119560","0","0","0","0","0","0","0","0","0","0","0","0","0","0","0","0","0"
"112138","361","2","1","1153265","0","0","0","0","0","0","0","0","0","0","0","0","0","0","0","0","0","0"
"111396","361","2","2","1119616","1119617","1119618","1119619","1119620","0","0","0","0","0","0","0","0","0","0","0","0","0","0"
"111385","361","3","1","1119572","1119573","0","0","0","0","0","0","0","0","0","0","0","0","0","0","0","0","0"
"111393","361","3","2","1119598","1119599","1119600","1119601","1119602","0","0","0","0","0","0","0","0","0","0","0","0","0","0"
"111388","361","4","0","1119578","1120895","0","0","0","0","0","0","0","0","0","0","0","0","0","0","0","0","0"
"111387","361","4","1","1119577","0","0","0","0","0","0","0","0","0","0","0","0","0","0","1","0","0","0"
"111390","361","4","3","1119590","1119592","0","0","0","0","0","0","0","0","0","0","0","0","0","0","0","0","0"
"111799","361","5","0","1134453","1134454","0","0","0","0","0","0","0","0","0","0","0","0","0","0","0","0","0"
"111397","361","5","2","1119621","1119622","1119623","1119624","1119625","0","0","0","0","1393","0","0","4","0","0","0","0","0","0"
"111800","361","6","0","1134455","1134459","1134460","0","0","0","0","0","0","0","0","0","0","0","0","0","0","0","0"
"111386","361","6","1","1119574","0","0","0","0","0","0","0","0","1387","0","0","0","0","0","1","0","0","0"
"111801","361","6","2","1134462","1134464","1134465","0","0","0","0","0","0","0","0","0","0","0","0","0","0","0","0"
"112136","361","7","0","1153252","1153253","0","0","0","0","0","0","0","1800","0","0","2","0","0","0","0","0","0"
"111802","361","7","2","1134466","1134467","1134468","0","0","0","0","0","0","0","0","0","0","0","0","0","0","0","0"
"112140","361","8","0","1153262","1153263","1153264","0","0","0","0","0","0","0","0","0","0","0","0","0","0","0","0"
"111803","361","8","1","1134692","0","0","0","0","0","0","0","0","1386","0","0","0","0","0","0","0","0","0"
"112137","361","8","2","1153256","1153259","1153260","0","0","0","0","0","0","1802","0","0","4","0","0","0","0","0","0"
"112227","361","9","1","1156314","1156315","1156316","0","0","0","0","0","0","0","0","0","0","0","0","0","0","0","0"
"112139","361","10","1","1153270","0","0","0","0","0","0","0","0","0","0","0","0","0","0","1","0","0","0"
"1303","362","0","0","19168","19180","19181","24296","24297","0","0","0","0","0","0","0","0","0","0","0","0","0","0"
"1310","362","0","0","19290","19294","24283","0","0","0","0","0","0","0","0","0","0","0","0","0","0","0","0"
"1622","362","0","0","19255","19256","19257","0","0","0","0","0","0","0","0","0","0","0","0","0","0","0","0"
"1623","362","0","0","52783","52785","0","0","0","0","0","0","0","0","0","0","0","0","0","0","0","0","0"
"1812","362","0","0","34500","34502","34503","0","0","0","0","0","0","0","0","0","0","0","0","0","0","0","0"
"1813","362","0","0","34506","34507","34508","0","0","0","0","0","0","0","0","0","0","0","0","0","0","0","0"
"2142","362","0","0","53298","53299","0","0","0","0","0","0","0","0","0","0","0","0","0","0","0","0","0"
"2228","362","0","0","56339","56340","56341","0","0","0","0","0","0","0","0","0","0","0","0","0","0","0","0"
"111623","362","0","0","1152783","1152785","1152786","1152787","1152788","0","0","0","0","0","0","0","0","0","0","0","0","0","0"
"1321","362","0","1","19370","19371","19373","0","0","0","0","0","0","0","0","0","0","0","0","0","0","0","0"
"1322","362","0","1","3674","0","0","0","0","0","0","0","0","0","0","0","0","0","0","1","0","0","0"
"1814","362","0","1","19503","0","0","0","0","0","0","0","0","0","0","0","0","0","0","1","0","0","0"
"1820","362","0","1","19498","19499","19500","0","0","0","0","0","0","0","0","0","0","0","0","0","0","0","0"
"2141","362","0","1","53295","53296","53297","0","0","0","0","0","0","0","0","0","0","0","0","0","0","0","0"
"2145","362","0","1","53301","0","0","0","0","0","0","0","0","0","0","0","0","0","0","1","0","0","0"
"2229","362","0","1","56333","56336","56337","0","0","0","0","0","0","0","0","0","0","0","0","0","0","0","0"
"111820","362","0","1","1119498","1119499","1119500","0","0","0","0","0","0","0","0","0","0","0","0","0","0","0","0"
"41","362","0","2","4227","4228","0","0","0","0","0","0","0","0","0","0","0","0","0","0","0","0","0"
"42","362","0","2","636","637","638","0","0","0","0","0","0","0","0","0","0","0","0","0","0","0","0"
"1305","362","0","2","19376","63457","63458","0","0","0","0","0","0","0","0","0","0","0","0","0","0","0","0"
"1311","362","0","2","19295","19297","19298","0","0","0","0","0","0","0","0","0","0","0","0","0","0","0","0"
"1312","362","0","2","19306","0","0","0","0","0","0","0","0","0","0","0","0","0","0","1","0","0","0"
"1621","362","0","2","19159","19160","819160","0","0","0","0","0","0","0","0","0","0","0","0","0","0","0","0"
"1809","362","0","2","34491","34492","34493","0","0","0","0","0","0","0","0","0","0","0","0","0","0","0","0"
"1811","362","0","2","34497","34498","34499","0","0","0","0","0","0","0","0","0","0","0","0","0","0","0","0"
"2144","362","0","2","53290","53291","53292","0","0","0","0","0","0","0","0","0","0","0","0","0","0","0","0"
"11311","362","0","2","888010","888011","888012","0","0","0","0","0","0","0","0","0","0","0","0","0","0","0","0"
"80005","362","0","2","1119164","1119165","1119166","0","0","0","0","0","0","0","0","0","0","0","0","0","0","0","0"
"80006","362","0","2","1119169","1119170","1119171","1119172","1119173","0","0","0","0","0","0","0","0","0","0","0","0","0","0"
"80007","362","0","2","1119183","1119186","1119187","0","0","0","0","0","0","0","0","0","0","0","0","0","0","0","0"
"111621","362","0","2","1119159","1119160","1119161","0","0","0","0","0","0","0","0","0","0","0","0","0","0","0","0"
"1304","362","0","3","19184","19387","19388","0","0","0","0","0","0","0","0","0","0","0","0","0","0","0","0"
"1306","362","0","3","56342","56343","56344","0","0","0","0","0","0","0","0","0","0","0","0","0","0","0","0"
"1309","362","0","3","19286","19287","0","0","0","0","0","0","0","0","0","0","0","0","0","0","0","0","0"
"1810","362","0","3","34494","34496","834494","0","0","0","0","0","0","0","0","0","0","0","0","0","0","0","0"
"2143","362","0","3","53302","53303","53304","0","0","0","0","0","0","0","0","0","0","0","0","0","0","0","0"
"2811","362","0","3","956031","956032","956033","0","0","0","0","0","0","0","0","0","0","0","0","0","0","0","0"
"11824","362","0","3","435108","435109","0","0","0","0","0","0","0","0","0","0","0","0","0","0","0","0","0"
"111310","362","1","0","1119290","1119294","1124283","0","0","0","0","0","0","0","0","0","0","0","0","0","0","0","0"
"111304","362","1","1","1119184","1119387","1119388","0","0","0","0","0","0","0","0","0","0","0","0","0","0","0","0"
"111305","362","1","2","1119376","1163457","1163458","0","0","0","0","0","0","0","0","0","0","0","0","0","0","0","0"
"111810","362","1","3","1134494","1134496","0","0","0","0","0","0","0","0","0","0","0","0","0","0","0","0","0"
"111622","362","2","0","1119255","1119256","1119257","1119258","1119259","0","0","0","0","0","0","0","0","0","0","0","0","0","0"
"111814","362","2","1","1119503","0","0","0","0","0","0","0","0","0","0","0","4","0","0","1","0","0","0"
"111311","362","2","2","1119295","1119297","1119298","0","0","0","0","0","0","0","0","0","0","0","0","0","0","0","0"
"111309","362","2","3","1119286","1119287","0","0","0","0","0","0","0","0","0","0","0","0","0","0","0","0","0"
"112229","362","3","1","1156333","1156336","1156337","0","0","0","0","0","0","0","0","0","0","0","0","0","0","0","0"
"111306","362","3","3","1156342","1156343","1156344","0","0","0","0","0","0","0","0","0","0","0","0","0","0","0","0"
"112228","362","4","0","1156339","1156340","1156341","0","0","0","0","0","0","1622","0","0","4","0","0","0","0","0","0"
"111321","362","4","1","1119370","1119371","1119373","0","0","0","0","0","0","0","0","0","0","0","0","0","0","0","0"
"111312","362","4","2","1119306","0","0","0","0","0","0","0","0","1311","0","0","2","0","0","1","0","0","0"
"111303","362","5","0","1119168","1119180","1119181","1124296","1124297","0","0","0","0","0","0","0","0","0","0","0","0","0","0"
"111809","362","5","2","1134491","1134492","1134493","0","0","0","0","0","0","0","0","0","0","0","0","0","0","0","0"
"111812","362","6","0","1134500","1134502","1134503","0","0","0","0","0","0","1303","0","0","4","0","0","0","0","0","0"
"111325","362","6","1","1119386","0","0","0","0","0","0","0","0","1321","0","0","2","0","0","1","0","0","0"
"111811","362","6","2","1134497","1134498","0","0","0","0","0","0","0","0","0","0","0","0","0","0","0","0","0"
"111813","362","7","0","1134506","1134507","1134508","0","0","0","0","0","0","0","0","0","0","0","0","0","0","0","0"
"112141","362","7","1","1153295","1153296","1153297","0","0","0","0","0","0","1325","0","0","0","0","0","0","0","0","0"
"112142","362","8","0","1153298","1153299","0","0","0","0","0","0","0","0","0","0","0","0","0","0","0","0","0"
"111322","362","8","1","1103674","0","0","0","0","0","0","0","0","0","0","0","0","0","0","1","0","0","0"
"112143","362","8","3","1153302","1153303","1153304","0","0","0","0","0","0","0","0","0","0","0","0","0","0","0","0"
"112144","362","9","2","1153290","1153291","1153292","0","0","0","0","0","0","1811","0","0","2","0","0","0","0","0","0"
"112145","362","10","1","1153301","0","0","0","0","0","0","0","0","1322","0","0","0","0","0","1","0","0","0"
"1341","363","0","0","19407","19412","0","0","0","0","0","0","0","0","0","0","0","0","0","0","0","0","0"
"1351","363","0","0","35100","35102","0","0","0","0","0","0","0","0","0","0","0","0","0","0","0","0","0"
"1448","363","0","0","853236","853237","853238","0","0","0","0","0","0","0","0","0","0","0","0","0","0","0","0"
"1804","363","0","0","34475","34476","0","0","0","0","0","0","0","0","0","0","0","0","0","0","0","0","0"
"1806","363","0","0","34482","34483","34484","0","0","0","0","0","0","0","0","0","0","0","0","0","0","0","0"
"1818","363","0","0","34950","34954","0","0","0","0","0","0","0","0","0","0","0","0","0","0","0","0","0"
"2130","363","0","0","53234","53237","53238","0","0","0","0","0","0","0","0","0","0","0","0","0","0","0","0"
"2132","363","0","0","53215","53216","53217","0","0","0","0","0","0","0","0","0","0","0","0","0","0","0","0"
"111341","363","0","0","1119407","1119412","0","0","0","0","0","0","0","0","0","0","0","0","0","0","0","0","0"
"1343","363","0","1","19421","19422","19423","0","0","0","0","0","0","0","0","0","0","0","0","0","0","0","0"
"1346","363","0","1","19454","19455","19456","0","0","0","0","0","0","0","0","0","0","0","0","0","0","0","0"
"1348","363","0","1","19464","19465","19466","0","0","0","0","0","0","0","0","0","0","0","0","0","0","0","0"
"1353","363","0","1","23989","0","0","0","0","0","0","0","0","0","0","0","0","0","0","1","0","0","0"
"1361","363","0","1","19506","0","0","0","0","0","0","0","0","0","0","0","0","0","0","1","0","0","0"
"1807","363","0","1","34485","34486","34487","0","0","0","0","0","0","0","0","0","0","0","0","0","0","0","0"
"1808","363","0","1","34490","0","0","0","0","0","0","0","0","0","0","0","0","0","0","1","0","0","0"
"2134","363","0","1","53241","53243","53244","0","0","0","0","0","0","0","0","0","0","0","0","0","0","0","0"
"2135","363","0","1","53209","0","0","0","0","0","0","0","0","0","0","0","0","0","0","1","0","0","0"
"2197","363","0","1","53620","53621","0","0","0","0","0","0","0","0","0","0","0","0","0","0","0","0","0"
"112197","363","0","1","1153620","1153621","1153622","0","0","0","0","0","0","0","0","0","0","0","0","0","0","0","0"
"1342","363","0","2","19416","19417","19418","0","0","0","0","0","0","0","0","0","0","0","0","0","0","0","0"
"1344","363","0","2","19426","19427","19429","19430","19431","0","0","0","0","0","0","0","0","0","0","0","0","0","0"
"1345","363","0","2","19434","0","0","0","0","0","0","0","0","0","0","0","0","0","0","1","0","0","0"
"1347","363","0","2","19461","19462","24691","0","0","0","0","0","0","0","0","0","0","0","0","0","0","0","0"
"1349","363","0","2","19485","19487","19488","19489","19490","0","0","0","0","0","0","0","0","0","0","0","0","0","0"
"1821","363","0","2","35104","35110","35111","0","0","0","0","0","0","0","0","0","0","0","0","0","0","0","0"
"2131","363","0","2","53228","53232","0","0","0","0","0","0","0","0","0","0","0","0","0","0","0","0","0"
"2133","363","0","2","53221","53222","53224","0","0","0","0","0","0","0","0","0","0","0","0","0","0","0","0"
"111344","363","0","2","1119426","1119427","1119429","1119430","1119431","0","0","0","0","0","0","0","0","0","0","0","0","0","0"
"1362","363","0","3","19507","19508","19509","0","0","0","0","0","0","0","0","0","0","0","0","0","0","0","0"
"1819","363","0","3","34948","34949","0","0","0","0","0","0","0","0","0","0","0","0","0","0","0","0","0"
"11821","363","0","3","435104","435105","0","0","0","0","0","0","0","0","0","0","0","0","0","0","0","0","0"
"11822","363","0","3","435106","435107","0","0","0","0","0","0","0","0","0","0","0","0","0","0","0","0","0"
"111806","363","1","0","1134482","1134483","1134484","0","0","0","0","0","0","0","0","0","0","0","0","0","0","0","0"
"111343","363","1","1","1119421","1119422","1119423","0","0","0","0","0","0","0","0","0","0","0","0","0","0","0","0"
"111349","363","1","2","1119485","1119487","1119488","1119489","1119490","0","0","0","0","0","0","0","0","0","0","0","0","0","0"
"111818","363","2","0","1134950","1134954","0","0","0","0","0","0","0","0","0","0","0","0","0","0","0","0","0"
"111346","363","2","1","1119454","1119455","1119456","0","0","0","0","0","0","0","0","0","0","0","0","0","0","0","0"
"111345","363","2","2","1119434","0","0","0","0","0","0","0","0","1349","0","0","4","0","0","1","0","0","0"
"111819","363","2","3","1134948","1134949","0","0","0","0","0","0","0","0","0","0","0","0","0","0","0","0","0"
"111348","363","3","1","1119464","1119465","1119466","0","0","0","0","0","0","0","0","0","0","0","0","0","0","0","0"
"111342","363","3","2","1119416","1119417","1119418","1119419","1119420","0","0","0","0","0","0","0","0","0","0","0","0","0","0"
"111351","363","4","0","1135100","1135102","0","0","0","0","0","0","0","0","0","0","0","0","0","0","0","0","0"
"111353","363","4","1","1123989","0","0","0","0","0","0","0","0","0","0","0","0","0","0","1","0","0","0"
"111347","363","4","2","1119461","1119462","1124691","0","0","0","0","0","0","0","0","0","0","0","0","0","0","0","0"
"111804","363","5","0","1134475","1134476","0","0","0","0","0","0","0","0","0","0","0","0","0","0","0","0","0"
"111362","363","5","3","1119507","1119508","1119509","0","0","0","0","0","0","0","0","0","0","0","0","0","0","0","0"
"112130","363","6","0","1153234","1153237","1153238","0","0","0","0","0","0","0","0","0","0","0","0","0","0","0","0"
"111361","363","6","1","1119506","0","0","0","0","0","0","0","0","1353","0","0","0","0","0","1","0","0","0"
"111821","363","6","2","1135104","1135110","1135111","0","0","0","0","0","0","1347","0","0","2","0","0","0","0","0","0"
"111807","363","7","1","1134485","1134486","1134487","0","0","0","0","0","0","0","0","0","0","0","0","0","0","0","0"
"112131","363","7","2","1153228","1153232","0","0","0","0","0","0","0","0","0","0","0","0","0","0","0","0","0"
"112132","363","8","0","1153215","1153216","1153217","0","0","0","0","0","0","0","0","0","0","0","0","0","0","0","0"
"111808","363","8","1","1134490","0","0","0","0","0","0","0","0","1807","0","0","4","0","0","1","0","0","0"
"112133","363","8","2","1153221","1153222","1153224","0","0","0","0","0","0","0","0","0","0","0","0","0","0","0","0"
"112134","363","9","1","1153241","1153243","1153244","0","0","0","0","0","0","0","0","0","0","0","0","0","0","0","0"
"112135","363","10","1","1153209","0","0","0","0","0","0","0","0","0","0","0","0","0","0","1","0","0","0"
"1410","381","0","0","20111","20112","20113","0","0","0","0","0","0","0","0","0","0","0","0","0","0","0","0"
"1631","381","0","0","25956","25957","25958","0","0","0","0","0","0","0","0","0","0","0","0","0","0","0","0"
"1632","381","0","0","9799","25988","89799","0","0","0","0","0","0","0","0","0","0","0","0","0","0","0","0"
"1633","381","0","0","9452","26016","209452","0","0","0","0","0","0","0","0","0","0","0","0","0","0","0","0"
"2148","381","0","0","53379","53484","53648","0","0","0","0","0","0","0","0","0","0","0","0","0","0","0","0"
"2176","381","0","0","53486","53488","853486","0","0","0","0","0","0","0","0","0","0","0","0","0","0","0","0"
"1402","381","0","1","20049","20056","20057","0","0","0","0","0","0","0","0","0","0","0","0","0","0","0","0"
"1403","381","0","1","20060","20061","20062","0","0","0","0","0","0","0","0","0","0","0","0","0","0","0","0"
"1411","381","0","1","20117","20118","20119","20120","20121","0","0","0","0","0","0","0","0","0","0","0","0","0","0"
"1441","381","0","1","20066","0","0","0","0","0","0","0","0","0","0","0","0","0","0","1","0","0","0"
"1464","381","0","1","20335","20336","20337","0","0","0","0","0","0","0","0","0","0","0","0","0","0","0","0"
"1759","381","0","1","31879","31880","31881","0","0","0","0","0","0","0","0","0","0","0","0","0","0","0","0"
"1823","381","0","1","35395","0","0","0","0","0","0","0","0","0","0","0","0","0","0","1","0","0","0"
"2149","381","0","1","53380","53381","53382","0","0","0","0","0","0","0","0","0","0","0","0","0","0","0","0"
"2150","381","0","1","53385","0","0","0","0","0","0","0","0","0","0","0","0","0","0","1","0","0","0"
"3179","381","0","1","853510","853511","853512","0","0","0","0","0","0","0","0","0","0","0","0","0","0","0","0"
"111403","381","0","1","1120060","1120061","1120062","1120063","1120064","0","0","0","0","0","0","0","0","0","0","0","0","0","0"
"1401","381","0","2","20042","20045","0","0","0","0","0","0","0","0","0","0","0","0","0","0","0","0","0"
"1407","381","0","2","20101","20102","20103","0","0","0","0","0","0","0","0","0","0","0","0","0","0","0","0"
"1481","381","0","2","20375","0","0","0","0","0","0","0","0","0","0","0","0","0","0","1","0","0","0"
"1756","381","0","2","31869","0","0","0","0","0","0","0","0","0","0","0","0","0","0","0","0","0","0"
"1757","381","0","2","31871","31872","0","0","0","0","0","0","0","0","0","0","0","0","0","0","0","0","0"
"1758","381","0","2","31876","31877","31878","0","0","0","0","0","0","0","0","0","0","0","0","0","0","0","0"
"1761","381","0","2","32043","35396","35397","0","0","0","0","0","0","0","0","0","0","0","0","0","0","0","0"
"2147","381","0","2","53375","53376","0","0","0","0","0","0","0","0","0","0","0","0","0","0","0","0","0"
"2179","381","0","2","53501","53502","53503","0","0","0","0","0","0","0","0","0","0","0","0","0","0","0","0"
"111407","381","0","2","1120101","1120102","1120103","1120104","1120105","0","0","0","0","0","0","0","0","0","0","0","0","0","0"
"1634","381","0","3","26022","26023","0","0","0","0","0","0","0","0","0","0","0","0","0","0","0","0","0"
"1755","381","0","3","31866","31867","31868","0","0","0","0","0","0","0","0","0","0","0","0","0","0","0","0"
"111631","381","1","0","1125956","1125957","0","0","0","0","0","0","0","0","0","0","0","0","0","0","0","0","0"
"111464","381","1","1","1120335","1120336","1120337","0","0","0","0","0","0","0","0","0","0","0","0","0","0","0","0"
"111401","381","1","2","1120042","1120045","0","0","0","0","0","0","0","0","0","0","0","0","0","0","0","0","0"
"111633","381","2","0","1109452","1126016","0","0","0","0","0","0","0","0","0","0","0","0","0","0","0","0","0"
"111411","381","2","1","1120117","1120118","1120119","0","0","0","0","0","0","0","0","0","0","0","0","0","0","0","0"
"111481","381","2","2","1120375","0","0","0","0","0","0","0","0","0","0","0","0","0","0","1","0","0","0"
"111634","381","2","3","1126022","1126023","0","0","0","0","0","0","0","0","0","0","0","0","0","0","0","0","0"
"111632","381","3","0","1109799","1125988","0","0","0","0","0","0","0","0","0","0","0","0","0","0","0","0","0"
"111761","381","3","2","1132043","1135396","1135397","0","0","0","0","0","0","0","0","0","0","0","0","0","0","0","0"
"111755","381","3","3","1131866","1131867","1131868","0","0","0","0","0","0","0","0","0","0","0","0","0","0","0","0"
"111410","381","4","0","1120111","1120112","1120113","0","0","0","0","0","0","0","0","0","0","0","0","0","0","0","0"
"111756","381","4","2","1131869","0","0","0","0","0","0","0","0","1409","0","0","0","0","0","0","0","0","0"
"111402","381","5","1","1120049","1120056","1120057","0","0","0","0","0","0","1411","0","0","4","0","0","0","0","0","0"
"111757","381","5","2","1131871","1131872","0","0","0","0","0","0","0","0","0","0","0","0","0","0","0","0","0"
"112176","381","6","0","1153486","1153488","0","0","0","0","0","0","0","0","0","0","0","0","0","0","0","0","0"
"111441","381","6","1","1120066","0","0","0","0","0","0","0","0","0","0","0","0","0","0","1","0","0","0"
"111758","381","6","2","1131876","1131877","0","0","0","0","0","0","0","0","0","0","0","0","0","0","0","0","0"
"111759","381","7","1","1131879","1131880","1131881","0","0","0","0","0","0","1441","0","0","0","0","0","0","0","0","0"
"112147","381","7","2","1153375","1153376","0","0","0","0","0","0","0","0","0","0","0","0","0","0","0","0","0"
"112148","381","8","0","1153379","1153484","1153648","0","0","0","0","0","0","0","0","0","0","0","0","0","0","0","0"
"111823","381","8","1","1135395","0","0","0","0","0","0","0","0","0","0","0","0","0","0","1","0","0","0"
"112179","381","8","2","1153501","1153502","1153503","0","0","0","0","0","0","0","0","0","0","0","0","0","0","0","0"
"112149","381","9","1","1153380","1153381","1153382","0","0","0","0","0","0","0","0","0","0","0","0","0","0","0","0"
"112150","381","10","1","1153385","0","0","0","0","0","0","0","0","0","0","0","0","0","0","1","0","0","0"
"1435","382","0","0","31821","0","0","0","0","0","0","0","0","0","0","0","0","0","0","1","0","0","0"
"1444","382","0","0","20237","20238","20239","0","0","0","0","0","0","0","0","0","0","0","0","0","0","0","0"
"1450","382","0","0","20254","20255","20256","0","0","0","0","0","0","0","0","0","0","0","0","0","0","0","0"
"1742","382","0","0","31822","31823","0","0","0","0","0","0","0","0","0","0","0","0","0","0","0","0","0"
"1743","382","0","0","31825","31826","0","0","0","0","0","0","0","0","0","0","0","0","0","0","0","0","0"
"1745","382","0","0","31833","31835","31836","0","0","0","0","0","0","0","0","0","0","0","0","0","0","0","0"
"1747","382","0","0","31842","0","0","0","0","0","0","0","0","0","0","0","0","0","0","1","0","0","0"
"2190","382","0","0","53551","53552","53553","0","0","0","0","0","0","0","0","0","0","0","0","0","0","0","0"
"12190","382","0","0","760189","760190","760191","0","0","0","0","0","0","0","0","0","0","0","0","0","0","0","0"
"1432","382","0","1","20205","20206","0","0","0","0","0","0","0","0","0","0","0","0","0","0","0","0","0"
"1433","382","0","1","20216","0","0","0","0","0","0","0","0","0","0","0","0","0","0","1","0","0","0"
"1449","382","0","1","20257","20258","20259","20260","20261","0","0","0","0","0","0","0","0","0","0","0","0","0","0"
"1461","382","0","1","20210","20212","20213","0","0","0","0","0","0","0","0","0","0","0","0","0","0","0","0"
"1502","382","0","1","20473","0","0","0","0","0","0","0","0","0","0","0","0","0","0","1","0","0","0"
"2192","382","0","1","53563","0","0","0","0","0","0","0","0","0","0","0","0","0","0","1","0","0","0"
"2193","382","0","1","53569","53576","0","0","0","0","0","0","0","0","0","0","0","0","0","0","0","0","0"
"111432","382","0","1","1120205","1120206","1120207","1120209","1120208","0","0","0","0","0","0","0","0","0","0","0","0","0","0"
"1443","382","0","2","20234","20235","0","0","0","0","0","0","0","0","0","0","0","0","0","0","0","0","0"
"1446","382","0","2","20244","20245","0","0","0","0","0","0","0","0","0","0","0","0","0","0","0","0","0"
"1463","382","0","2","20224","20225","20330","0","0","0","0","0","0","0","0","0","0","0","0","0","0","0","0"
"1465","382","0","2","20359","20360","20361","0","0","0","0","0","0","0","0","0","0","0","0","0","0","0","0"
"1627","382","0","2","5923","5924","5925","5926","25829","0","0","0","0","0","0","0","0","0","0","0","0","0","0"
"1628","382","0","2","9453","25836","0","0","0","0","0","0","0","0","0","0","0","0","0","0","0","0","0"
"1744","382","0","2","31828","31829","31830","0","0","0","0","0","0","0","0","0","0","0","0","0","0","0","0"
"1746","382","0","2","31837","31838","31839","0","0","0","0","0","0","0","0","0","0","0","0","0","0","0","0"
"2191","382","0","2","53556","53557","0","0","0","0","0","0","0","0","0","0","0","0","0","0","0","0","0"
"2199","382","0","2","53671","53673","54151","0","0","0","0","0","0","0","0","0","0","0","0","0","0","0","0"
"111463","382","0","2","1120224","1120225","1120330","1120331","1120332","0","0","0","0","0","0","0","0","0","0","0","0","0","0"
"2198","382","0","3","53660","53661","853661","0","0","0","0","0","0","0","0","0","0","0","0","0","0","0","0"
"111444","382","1","0","1120237","1120238","1120239","0","0","0","0","0","0","0","0","0","0","0","0","0","0","0","0"
"111449","382","1","1","1120257","1120258","1120259","1120260","1120261","0","0","0","0","0","0","0","0","0","0","0","0","0","0"
"111628","382","1","2","1109453","1125836","0","0","0","0","0","0","0","0","0","0","0","0","0","0","0","0","0"
"111435","382","2","0","1131821","0","0","0","0","0","0","0","0","0","0","0","0","0","0","1","0","0","0"
"111461","382","2","1","1120210","1120212","1120213","1120214","1120215","0","0","0","0","0","0","0","0","0","0","0","0","0","0"
"111443","382","2","2","1120234","1120235","0","0","0","0","0","0","0","0","0","0","0","0","0","0","0","0","0"
"111450","382","3","0","1120254","1120255","1120256","0","0","0","0","0","0","0","0","0","0","0","0","0","0","0","0"
"111446","382","3","2","1120244","1120245","0","0","0","0","0","0","0","0","0","0","0","0","0","0","0","0","0"
"112198","382","3","3","1153660","1153661","0","0","0","0","0","0","0","0","0","0","0","0","0","0","0","0","0"
"111742","382","4","0","1131822","1131823","0","0","0","0","0","0","0","0","0","0","0","0","0","0","0","0","0"
"111433","382","4","1","1120216","0","0","0","0","0","0","0","0","1461","0","0","4","0","0","1","0","0","0"
"111465","382","4","2","1120359","1120360","1120361","0","0","0","0","0","0","0","0","0","0","0","0","0","0","0","0"
"111743","382","5","0","1131825","1131826","0","0","0","0","0","0","0","0","0","0","0","0","0","0","0","0","0"
"111627","382","5","2","1105923","1105924","1105925","1105926","1125829","0","0","0","0","0","0","0","0","0","0","0","0","0","0"
"111745","382","6","0","1131833","1131835","1131836","0","0","0","0","0","0","0","0","0","0","0","0","0","0","0","0"
"111502","382","6","1","1120473","0","0","0","0","0","0","0","0","1433","0","0","0","0","0","1","0","0","0"
"111744","382","6","2","1131828","1131829","1131830","0","0","0","0","0","0","0","0","0","0","0","0","0","0","0","0"
"112190","382","7","0","1153551","1153552","1153553","0","0","0","0","0","0","0","0","0","0","0","0","0","0","0","0"
"111746","382","7","2","1131837","1131838","1131839","0","0","0","0","0","0","0","0","0","0","0","0","0","0","0","0"
"111747","382","8","0","1131842","0","0","0","0","0","0","0","0","0","0","0","0","0","0","1","0","0","0"
"112199","382","8","2","1153671","1153673","1154151","0","0","0","0","0","0","0","0","0","0","0","0","0","0","0","0"
"112193","382","9","1","1153569","1153576","0","0","0","0","0","0","0","1502","0","0","0","0","0","0","0","0","0"
"112191","382","9","2","1153556","1153557","0","0","0","0","0","0","0","0","0","0","0","0","0","0","0","0","0"
"112192","382","10","1","1153563","0","0","0","0","0","0","0","0","0","0","0","0","0","0","1","0","0","0"
"1421","383","0","0","20127","20130","20135","0","0","0","0","0","0","0","0","0","0","0","0","0","0","0","0"
"1442","383","0","0","63646","63647","63648","0","0","0","0","0","0","0","0","0","0","0","0","0","0","0","0"
"1748","383","0","0","31844","31845","53519","0","0","0","0","0","0","0","0","0","0","0","0","0","0","0","0"
"1750","383","0","0","31848","31849","831849","0","0","0","0","0","0","0","0","0","0","0","0","0","0","0","0"
"2195","383","0","0","53590","53591","53592","0","0","0","0","0","0","0","0","0","0","0","0","0","0","0","0"
"2280","383","0","0","64205","0","0","0","0","0","0","0","0","0","0","0","0","0","0","1","0","0","0"
"2281","383","0","0","53527","53530","0","0","0","0","0","0","0","0","0","0","0","0","0","0","0","0","0"
"5960","383","0","0","410010","410011","410012","0","0","0","0","0","0","0","0","0","0","0","0","0","0","0","0"
"1425","383","0","1","20174","20175","0","0","0","0","0","0","0","0","0","0","0","0","0","0","0","0","0"
"1430","383","0","1","20925","0","0","0","0","0","0","0","0","0","0","0","0","0","0","1","0","0","0"
"1431","383","0","1","20911","0","0","0","0","0","0","0","0","0","0","0","0","0","0","1","0","0","0"
"1501","383","0","1","20468","20469","20470","0","0","0","0","0","0","0","0","0","0","0","0","0","0","0","0"
"1521","383","0","1","20487","20488","0","0","0","0","0","0","0","0","0","0","0","0","0","0","0","0","0"
"1754","383","0","1","31935","0","0","0","0","0","0","0","0","0","0","0","0","0","0","1","0","0","0"
"2196","383","0","1","53595","0","0","0","0","0","0","0","0","0","0","0","0","0","0","1","0","0","0"
"2204","383","0","1","53709","53710","53711","0","0","0","0","0","0","0","0","0","0","0","0","0","0","0","0"
"5950","383","0","1","410000","410001","410002","0","0","0","0","0","0","0","0","0","0","0","0","0","0","0","0"
"111442","383","0","1","1163646","1163647","1163648","1163649","1163650","0","0","0","0","0","0","0","0","0","0","0","0","0","0"
"1422","383","0","2","20138","20139","20140","0","0","0","0","0","0","0","0","0","0","0","0","0","0","0","0"
"1423","383","0","2","20143","20144","20145","0","0","0","0","0","0","0","0","0","0","0","0","0","0","0","0"
"1426","383","0","2","20177","20179","20181","20180","20182","0","0","0","0","0","0","0","0","0","0","0","0","0","0"
"1429","383","0","2","20196","20197","20198","0","0","0","0","0","0","0","0","0","0","0","0","0","0","0","0"
"1629","383","0","2","20096","20097","20098","20099","20100","0","0","0","0","0","0","0","0","0","0","0","0","0","0"
"1751","383","0","2","31850","31851","31852","0","0","0","0","0","0","0","0","0","0","0","0","0","0","0","0"
"1753","383","0","2","31858","31859","31860","0","0","0","0","0","0","0","0","0","0","0","0","0","0","0","0"
"2185","383","0","2","20262","20263","20264","20265","20266","0","0","0","0","0","0","0","0","0","0","0","0","0","0"
"2194","383","0","2","53583","53585","0","0","0","0","0","0","0","0","0","0","0","0","0","0","0","0","0"
"2200","383","0","2","53695","53696","0","0","0","0","0","0","0","0","0","0","0","0","0","0","0","0","0"
"112185","383","0","2","1120262","1120263","1120264","1120265","1120266","0","0","0","0","0","0","0","0","0","0","0","0","0","0"
"2282","383","0","3","31785","33776","0","0","0","0","0","0","0","0","0","0","0","0","0","0","0","0","0"
"111748","383","1","0","1131844","1131845","1153519","0","0","0","0","0","0","0","0","0","0","0","0","0","0","0","0"
"111425","383","1","1","1120174","1120175","0","0","0","0","0","0","0","0","0","0","0","0","0","0","0","0","0"
"111629","383","1","2","1120096","1120097","1120098","1120099","1120100","0","0","0","0","0","0","0","0","0","0","0","0","0","0"
"112280","383","2","0","1164205","0","0","0","0","0","0","0","0","0","0","0","0","0","0","1","0","0","0"
"111501","383","2","1","1120468","1120469","1120470","0","0","0","0","0","0","0","0","0","0","0","0","0","0","0","0"
"111423","383","2","2","1120143","1120144","1120145","1120146","1120147","0","0","0","0","0","0","0","0","0","0","0","0","0","0"
"112281","383","3","0","1153527","1153530","0","0","0","0","0","0","0","2280","0","0","0","0","0","0","0","0","0"
"111521","383","3","1","1120487","1120488","0","0","0","0","0","0","0","0","0","0","0","0","0","0","0","0","0"
"111422","383","3","2","1120138","1120139","1120140","0","0","0","0","0","0","0","0","0","0","0","0","0","0","0","0"
"111431","383","4","1","1120911","0","0","0","0","0","0","0","0","0","0","0","0","0","0","1","0","0","0"
"111426","383","4","2","1120177","1120179","1120181","1120180","1120182","0","0","0","0","0","0","0","0","0","0","0","0","0","0"
"111750","383","5","0","1131848","1131849","0","0","0","0","0","0","0","0","0","0","0","0","0","0","0","0","0"
"111429","383","5","2","1120196","1120197","1120198","0","0","0","0","0","0","0","0","0","0","0","0","0","0","0","0"
"112282","383","6","0","1131785","1133776","0","0","0","0","0","0","0","0","0","0","0","0","0","0","0","0","0"
"111430","383","6","1","1120925","0","0","0","0","0","0","0","0","1431","0","0","0","0","0","1","0","0","0"
"111751","383","6","2","1131850","1131851","1131852","0","0","0","0","0","0","0","0","0","0","0","0","0","0","0","0"
"111421","383","7","0","1120127","1120130","0","0","0","0","0","0","0","0","0","0","0","0","0","0","0","0","0"
"111753","383","7","2","1131858","1131859","1131860","0","0","0","0","0","0","0","0","0","0","0","0","0","0","0","0"
"112195","383","8","0","1153590","1153591","0","0","0","0","0","0","0","0","0","0","0","0","0","0","0","0","0"
"111754","383","8","1","1131935","0","0","0","0","0","0","0","0","1430","0","0","0","0","0","1","0","0","0"
"112194","383","8","2","1153583","1153585","0","0","0","0","0","0","0","0","0","0","0","0","0","0","0","0","0"
"112204","383","9","1","1153709","1153710","1153711","0","0","0","0","0","0","1754","0","0","0","0","0","0","0","0","0"
"112200","383","9","2","1153695","1153696","0","0","0","0","0","0","0","0","0","0","0","0","0","0","0","0","0"
"112196","383","10","1","1153595","0","0","0","0","0","0","0","0","0","0","0","0","0","0","1","0","0","0"
"111939","398","0","0","1148979","1149483","0","0","0","0","0","0","0","0","0","0","0","0","0","0","0","0","0"
"1938","398","0","0","48978","49390","49391","49392","49393","0","0","0","0","0","0","0","0","0","0","0","0","0","0"
"1939","398","0","0","48979","49483","0","0","0","0","0","0","0","0","0","0","0","0","0","0","0","0","0"
"1941","398","0","0","48982","0","0","0","0","0","0","0","0","0","0","0","0","0","0","1","0","0","0"
"1942","398","0","0","48985","49488","49489","0","0","0","0","0","0","0","0","0","0","0","0","0","0","0","0"
"1959","398","0","0","49189","50149","50150","0","0","0","0","0","0","0","0","0","0","0","0","0","0","0","0"
"1960","398","0","0","49027","49542","49543","0","0","0","0","0","0","0","0","0","0","0","0","0","0","0","0"
"2015","398","0","0","48977","49394","49395","0","0","0","0","0","0","0","0","0","0","0","0","0","0","0","0"
"2259","398","0","0","62905","62908","0","0","0","0","0","0","0","0","0","0","0","0","0","0","0","0","0"
"1943","398","0","1","48987","49477","49478","49479","49480","0","0","0","0","0","0","0","0","0","0","0","0","0","0"
"1944","398","0","1","48988","49503","49504","0","0","0","0","0","0","0","0","0","0","0","0","0","0","0","0"
"1945","398","0","1","48997","49490","49491","0","0","0","0","0","0","0","0","0","0","0","0","0","0","0","0"
"1948","398","0","1","49004","49508","49509","0","0","0","0","0","0","0","0","0","0","0","0","0","0","0","0"
"1954","398","0","1","49016","0","0","0","0","0","0","0","0","0","0","0","0","0","0","1","0","0","0"
"1955","398","0","1","49018","49529","49530","0","0","0","0","0","0","0","0","0","0","0","0","0","0","0","0"
"1957","398","0","1","55050","0","0","0","0","0","0","0","0","0","0","0","0","0","0","1","0","0","0"
"1961","398","0","1","49028","0","0","0","0","0","0","0","0","0","0","0","0","0","0","1","0","0","0"
"2034","398","0","1","61154","61155","61156","61157","61158","0","0","0","0","0","0","0","0","0","0","0","0","0","0"
"111945","398","0","1","1148997","1149490","1149491","0","0","0","0","0","0","0","0","0","0","0","0","0","0","0","0"
"112017","398","0","2","1149182","1149500","1149501","1155225","1155226","0","0","0","0","0","0","0","0","0","0","0","0","0","0"
"1936","398","0","2","50365","50371","51373","51374","51375","0","0","0","0","0","0","0","0","0","0","0","0","0","0"
"1950","398","0","2","49006","49526","50029","0","0","0","0","0","0","0","0","0","0","0","0","0","0","0","0"
"1958","398","0","2","49023","49533","49534","0","0","0","0","0","0","0","0","0","0","0","0","0","0","0","0"
"2017","398","0","2","49182","49500","49501","55225","55226","0","0","0","0","0","0","0","0","0","0","0","0","0","0"
"2018","398","0","2","49145","49495","49497","0","0","0","0","0","0","0","0","0","0","0","0","0","0","0","0"
"2019","398","0","2","55233","0","0","0","0","0","0","0","0","0","0","0","0","0","0","1","0","0","0"
"2086","398","0","2","49467","50033","50034","0","0","0","0","0","0","0","0","0","0","0","0","0","0","0","0"
"2105","398","0","2","53137","53138","0","0","0","0","0","0","0","0","0","0","0","0","0","0","0","0","0"
"2217","398","0","2","55107","55108","0","0","0","0","0","0","0","0","0","0","0","0","0","0","0","0","0"
"1949","398","0","3","49005","0","0","0","0","0","0","0","0","0","0","0","0","0","0","1","0","0","0"
"1953","398","0","3","49015","50154","55136","0","0","0","0","0","0","0","0","0","0","0","0","0","0","0","0"
"111938","398","1","0","1148978","1149390","1149391","1149392","1149393","0","0","0","0","0","0","0","0","0","0","0","0","0","0"
"111948","398","1","1","1149004","1149508","1149509","0","0","0","0","0","0","0","0","0","0","0","0","0","0","0","0"
"112217","398","1","2","1155107","1155108","0","0","0","0","0","0","0","0","0","0","0","0","0","0","0","0","0"
"111941","398","2","0","1148982","0","0","0","0","0","0","0","0","0","0","0","0","0","0","1","0","0","0"
"111943","398","2","1","1148987","1149477","1149478","1149479","1149480","0","0","0","0","0","0","0","0","0","0","0","0","0","0"
"112086","398","2","2","1149467","1150033","1150034","0","0","0","0","0","0","0","0","0","0","0","0","0","0","0","0"
"111942","398","3","0","1148985","1149488","1149489","0","0","0","0","0","0","1941","0","0","0","0","0","0","0","0","0"
"112018","398","3","2","1149145","1149495","1149497","0","0","0","0","0","0","0","0","0","0","0","0","0","0","0","0"
"111953","398","3","3","1149015","1150154","1155136","0","0","0","0","0","0","0","0","0","0","0","0","0","0","0","0"
"112015","398","4","0","1148977","1149394","1149395","0","0","0","0","0","0","0","0","0","0","0","0","0","0","0","0"
"111950","398","4","2","1149006","1149526","1150029","0","0","0","0","0","0","0","0","0","0","0","0","0","0","0","0"
"111949","398","4","3","1149005","0","0","0","0","0","0","0","0","0","0","0","1","0","0","1","0","0","0"
"111944","398","5","1","1148988","1149503","1149504","0","0","0","0","0","0","1943","0","0","4","0","0","0","0","0","0"
"112105","398","5","2","1153137","1153138","0","0","0","0","0","0","0","0","0","0","0","0","0","0","0","0","0"
"111960","398","6","0","1149027","1149542","1149543","0","0","0","0","0","0","0","0","0","0","0","0","0","0","0","0"
"111954","398","6","1","1149016","0","0","0","0","0","0","0","0","0","0","0","0","0","0","1","0","0","0"
"111936","398","6","2","1150365","1150371","0","0","0","0","0","0","0","0","0","0","0","0","0","0","0","0","0"
"112259","398","7","0","1162905","1162908","0","0","0","0","0","0","0","0","0","0","0","0","0","0","0","0","0"
"111955","398","7","1","1149018","1149529","1149530","0","0","0","0","0","0","0","0","0","0","0","0","0","0","0","0"
"112019","398","7","2","1155233","0","0","0","0","0","0","0","0","0","0","0","4","0","0","1","0","0","0"
"111959","398","8","0","1149189","1150149","1150150","0","0","0","0","0","0","0","0","0","0","0","0","0","0","0","0"
"111957","398","8","1","1155050","0","0","0","0","0","0","0","0","0","0","0","0","0","0","1","0","0","0"
"111958","398","8","2","1149023","1149533","1149534","0","0","0","0","0","0","0","0","0","0","0","0","0","0","0","0"
"112034","398","9","1","1161154","1161155","1161156","1161157","1161158","0","0","0","0","0","0","0","0","0","0","0","0","0","0"
"111961","398","10","1","1149028","0","0","0","0","0","0","0","0","0","0","0","0","0","0","1","0","0","0"
"112031","399","0","0","1149175","1150031","1151456","0","0","0","0","0","0","0","0","0","0","0","0","0","0","0","0"
"1997","399","0","0","49200","50151","50152","0","0","0","0","0","0","0","0","0","0","0","0","0","0","0","0"
"2031","399","0","0","49175","50031","51456","0","0","0","0","0","0","0","0","0","0","0","0","0","0","0","0"
"2042","399","0","0","50880","50884","50885","50886","50887","0","0","0","0","0","0","0","0","0","0","0","0","0","0"
"2223","399","0","0","55610","0","0","0","0","0","0","0","0","0","0","0","0","0","0","0","0","0","0"
"2260","399","0","0","50040","50041","50043","0","0","0","0","0","0","0","0","0","0","0","0","0","0","0","0"
"2284","399","0","0","65661","0","0","0","0","0","0","0","0","0","0","0","0","0","0","0","0","0","0"
"1264","399","0","1","61758","61759","61760","61761","61762","0","0","0","0","0","0","0","0","0","0","0","0","0","0"
"1975","399","0","1","49143","0","0","0","0","0","0","0","0","0","0","0","0","0","0","1","0","0","0"
"1989","399","0","1","49184","0","0","0","0","0","0","0","0","0","0","0","0","0","0","1","0","0","0"
"1990","399","0","1","49186","51108","51109","0","0","0","0","0","0","0","0","0","0","0","0","0","0","0","0"
"1993","399","0","1","49024","49538","0","0","0","0","0","0","0","0","0","0","0","0","0","0","0","0","0"
"1998","399","0","1","49202","50127","50128","50129","50130","0","0","0","0","0","0","0","0","0","0","0","0","0","0"
"1999","399","0","1","49203","0","0","0","0","0","0","0","0","0","0","0","0","0","0","1","0","0","0"
"2020","399","0","1","49455","50147","0","0","0","0","0","0","0","0","0","0","0","0","0","0","0","0","0"
"2035","399","0","1","55061","55062","0","0","0","0","0","0","0","0","0","0","0","0","0","0","0","0","0"
"2044","399","0","1","51123","51127","51128","51129","51130","0","0","0","0","0","0","0","0","0","0","0","0","0","0"
"2210","399","0","1","54639","54638","54637","0","0","0","0","0","0","0","0","0","0","0","0","0","0","0","0"
"2215","399","0","1","49039","0","0","0","0","0","0","0","0","0","0","0","0","0","0","1","0","0","0"
"112020","399","0","1","1149455","1150147","0","0","0","0","0","0","0","0","0","0","0","0","0","0","0","0","0"
"111968","399","0","2","1149042","1149786","1149787","1149788","1149789","0","0","0","0","0","0","0","0","0","0","0","0","0","0"
"1968","399","0","2","49042","49786","49787","49788","49789","0","0","0","0","0","0","0","0","0","0","0","0","0","0"
"1973","399","0","2","49140","49661","49662","49663","49664","0","0","0","0","0","0","0","0","0","0","0","0","0","0"
"1979","399","0","2","51271","0","0","0","0","0","0","0","0","0","0","0","0","0","0","1","0","0","0"
"1981","399","0","2","49149","50115","0","0","0","0","0","0","0","0","0","0","0","0","0","0","0","0","0"
"1992","399","0","2","49188","56822","59057","0","0","0","0","0","0","0","0","0","0","0","0","0","0","0","0"
"2029","399","0","2","50384","50385","0","0","0","0","0","0","0","0","0","0","0","0","0","0","0","0","0"
"2030","399","0","2","49471","49790","49791","0","0","0","0","0","0","0","0","0","0","0","0","0","0","0","0"
"2040","399","0","2","50187","50190","50191","0","0","0","0","0","0","0","0","0","0","0","0","0","0","0","0"
"2048","399","0","2","51468","51472","51473","0","0","0","0","0","0","0","0","0","0","0","0","0","0","0","0"
"1971","399","0","3","49137","49657","0","0","0","0","0","0","0","0","0","0","0","0","0","0","0","0","0"
"1980","399","0","3","49796","0","0","0","0","0","0","0","0","0","0","0","0","0","0","1","0","0","0"
"2022","399","0","3","49226","50137","50138","50139","50140","0","0","0","0","0","0","0","0","0","0","0","0","0","0"
"112035","399","1","1","1155061","1155062","0","0","0","0","0","0","0","0","0","0","0","0","0","0","0","0","0"
"111973","399","1","2","1149140","1149661","1149662","1149663","1149664","0","0","0","0","0","0","0","0","0","0","0","0","0","0"
"112022","399","1","3","1149226","1150137","1150138","0","0","0","0","0","0","0","0","0","0","0","0","0","0","0","0"
"112042","399","2","0","1150880","1150884","1150885","1150886","1150887","0","0","0","0","2031","0","0","2","0","0","0","0","0","0"
"112215","399","2","1","1149039","0","0","0","0","0","0","0","0","0","0","0","0","0","0","1","0","0","0"
"112048","399","2","2","1151468","1151472","1151473","0","0","0","0","0","0","0","0","0","0","0","0","0","0","0","0"
"112044","399","3","1","1151123","1151127","1151128","1151129","1151130","0","0","0","0","0","0","0","0","0","0","0","0","0","0"
"111981","399","3","2","1149149","1150115","0","0","0","0","0","0","0","0","0","0","0","0","0","0","0","0","0"
"111971","399","3","3","1149137","1149657","0","0","0","0","0","0","0","0","0","0","0","0","0","0","0","0","0"
"111990","399","4","1","1149186","1151108","1151109","0","0","0","0","0","0","0","0","0","0","0","0","0","0","0","0"
"112030","399","4","2","1149471","1149790","1149791","0","0","0","0","0","0","0","0","0","0","0","0","0","0","0","0"
"111980","399","4","3","1149796","0","0","0","0","0","0","0","0","0","0","0","0","0","0","1","0","0","0"
"112223","399","5","0","1155610","0","0","0","0","0","0","0","0","2042","0","0","4","0","0","0","0","0","0"
"111993","399","5","1","1149024","1149538","0","0","0","0","0","0","0","1994","0","0","0","0","0","0","0","0","0"
"111992","399","5","2","1149188","1156822","1159057","0","0","0","0","0","0","0","0","0","0","0","0","0","0","0","0"
"112260","399","6","0","1150040","1150041","1150043","0","0","0","0","0","0","0","0","0","0","0","0","0","0","0","0"
"111999","399","6","1","1149203","0","0","0","0","0","0","0","0","0","0","0","0","0","0","1","0","0","0"
"112029","399","6","2","1150384","1150385","0","0","0","0","0","0","0","0","0","0","0","0","0","0","0","0","0"
"112284","399","7","0","1165661","1166191","1166192","0","0","0","0","0","0","0","0","0","0","0","0","0","0","0","0"
"112210","399","7","1","1154639","1154638","1154637","0","0","0","0","0","0","0","0","0","0","0","0","0","0","0","0"
"111979","399","7","2","1151271","0","0","0","0","0","0","0","0","0","0","0","0","0","0","1","0","0","0"
"111997","399","8","0","1149200","1150151","1150152","0","0","0","0","0","0","0","0","0","0","0","0","0","0","0","0"
"111975","399","8","1","1149143","0","0","0","0","0","0","0","0","0","0","0","0","0","0","1","0","0","0"
"112040","399","8","2","1150187","1150190","1150191","0","0","0","0","0","0","0","0","0","0","0","0","0","0","0","0"
"111998","399","9","1","1149202","1150127","1150128","1150129","1150130","0","0","0","0","0","0","0","0","0","0","0","0","0","0"
"111989","399","10","1","1149184","0","0","0","0","0","0","0","0","0","0","0","0","0","0","1","0","0","0"
"112082","400","0","0","1151745","1151746","0","0","0","0","0","0","0","0","0","0","0","0","0","0","0","0","0"
"1963","400","0","0","49036","49562","0","0","0","0","0","0","0","0","0","0","0","0","0","0","0","0","0"
"1996","400","0","0","49194","0","0","0","0","0","0","0","0","0","0","0","0","0","0","1","0","0","0"
"2003","400","0","0","49217","49654","49655","0","0","0","0","0","0","0","0","0","0","0","0","0","0","0","0"
"2008","400","0","0","49013","55236","55237","0","0","0","0","0","0","0","0","0","0","0","0","0","0","0","0"
"2082","400","0","0","51745","51746","0","0","0","0","0","0","0","0","0","0","0","0","0","0","0","0","0"
"2226","400","0","0","55666","55667","0","0","0","0","0","0","0","0","0","0","0","0","0","0","0","0","0"
"2285","400","0","0","66799","66814","66815","66816","66817","0","0","0","0","0","0","0","0","0","0","0","0","0","0"
"1932","400","0","1","48962","49567","49568","0","0","0","0","0","0","0","0","0","0","0","0","0","0","0","0"
"1933","400","0","1","48963","49564","49565","0","0","0","0","0","0","0","0","0","0","0","0","0","0","0","0"
"1962","400","0","1","49032","49631","49632","0","0","0","0","0","0","0","0","0","0","0","0","0","0","0","0"
"2000","400","0","1","49206","0","0","0","0","0","0","0","0","0","0","0","0","0","0","1","0","0","0"
"2005","400","0","1","49220","49633","49635","49636","49638","0","0","0","0","0","0","0","0","0","0","0","0","0","0"
"2009","400","0","1","49224","49610","49611","0","0","0","0","0","0","0","0","0","0","0","0","0","0","0","0"
"2036","400","0","1","50117","50118","50119","50120","50121","0","0","0","0","0","0","0","0","0","0","0","0","0","0"
"2039","400","0","1","49146","51267","0","0","0","0","0","0","0","0","0","0","0","0","0","0","0","0","0"
"2043","400","0","1","51099","51160","51161","0","0","0","0","0","0","0","0","0","0","0","0","0","0","0","0"
"2047","400","0","1","51459","51462","51463","51464","51465","0","0","0","0","0","0","0","0","0","0","0","0","0","0"
"2221","400","0","1","51052","0","0","0","0","0","0","0","0","0","0","0","0","0","0","1","0","0","0"
"111932","400","0","1","1148962","1149567","1149568","0","0","0","0","0","0","0","0","0","0","0","0","0","0","0","0"
"112218","400","0","2","1155129","1155130","1155131","1155132","1155133","0","0","0","0","0","0","0","0","0","0","0","0","0","0"
"1985","400","0","2","49158","0","0","0","0","0","0","0","0","0","0","0","0","0","0","1","0","0","0"
"2001","400","0","2","49208","56834","56835","0","0","0","0","0","0","0","0","0","0","0","0","0","0","0","0"
"2004","400","0","2","49219","49627","49628","0","0","0","0","0","0","0","0","0","0","0","0","0","0","0","0"
"2007","400","0","2","49222","0","0","0","0","0","0","0","0","0","0","0","0","0","0","1","0","0","0"
"2011","400","0","2","49223","49599","0","0","0","0","0","0","0","0","0","0","0","0","0","0","0","0","0"
"2013","400","0","2","50391","50392","0","0","0","0","0","0","0","0","0","0","0","0","0","0","0","0","0"
"2025","400","0","2","49588","49589","0","0","0","0","0","0","0","0","0","0","0","0","0","0","0","0","0"
"2216","400","0","2","55090","0","0","0","0","0","0","0","0","0","0","0","0","0","0","1","0","0","0"
"2218","400","0","2","55129","55130","55131","55132","55133","0","0","0","0","0","0","0","0","0","0","0","0","0","0"
"1934","400","0","3","48965","49571","49572","0","0","0","0","0","0","0","0","0","0","0","0","0","0","0","0"
"1984","400","0","3","52143","0","0","0","0","0","0","0","0","0","0","0","0","0","0","0","0","0","0"
"2085","400","0","3","63560","0","0","0","0","0","0","0","0","0","0","0","0","0","0","1","0","0","0"
"2225","400","0","3","55620","55623","0","0","0","0","0","0","0","0","0","0","0","0","0","0","0","0","0"
"111963","400","1","0","1149036","1149562","0","0","0","0","0","0","0","0","0","0","0","0","0","0","0","0","0"
"111933","400","1","1","1148963","1149564","1149565","0","0","0","0","0","0","0","0","0","0","0","0","0","0","0","0"
"112025","400","1","2","1149588","1149589","0","0","0","0","0","0","0","0","0","0","0","0","0","0","0","0","0"
"111934","400","1","3","1148965","1149571","1149572","0","0","0","0","0","0","0","0","0","0","0","0","0","0","0","0"
"112008","400","2","0","1149013","1155236","1155237","0","0","0","0","0","0","0","0","0","0","0","0","0","0","0","0"
"112047","400","2","1","1151459","1151462","1151463","1151464","1151465","0","0","0","0","0","0","0","0","0","0","0","0","0","0"
"111985","400","2","2","1149158","0","0","0","0","0","0","0","0","0","0","0","0","0","0","1","0","0","0"
"112039","400","3","1","1149146","1151267","0","0","0","0","0","0","0","0","0","0","0","0","0","0","0","0","0"
"112004","400","3","2","1149219","1149627","1149628","0","0","0","0","0","0","0","0","0","0","0","0","0","0","0","0"
"112225","400","3","3","1155620","1155623","0","0","0","0","0","0","0","0","0","0","0","0","0","0","0","0","0"
"111996","400","4","0","1149194","0","0","0","0","0","0","0","0","0","0","0","0","0","0","1","0","0","0"
"112005","400","4","1","1149220","1149633","1149635","1149636","1149638","0","0","0","0","0","0","0","0","0","0","0","0","0","0"
"112011","400","4","2","1149223","1149599","0","0","0","0","0","0","0","0","0","0","0","0","0","0","0","0","0"
"112226","400","5","0","1155666","1155667","0","0","0","0","0","0","0","0","0","0","0","0","0","0","0","0","0"
"112009","400","5","1","1149224","1149610","1149611","0","0","0","0","0","0","0","0","0","0","0","0","0","0","0","0"
"112001","400","5","2","1149208","1156834","1156835","0","0","0","0","0","0","0","0","0","0","0","0","0","0","0","0"
"111984","400","5","3","1152143","0","0","0","0","0","0","0","0","2225","0","0","1","0","0","0","0","0","0"
"112285","400","6","0","1166799","1166814","1166815","1166816","1166817","0","0","0","0","0","0","0","0","0","0","0","0","0","0"
"112221","400","6","1","1151052","0","0","0","0","0","0","0","0","2009","0","0","2","0","0","1","0","0","0"
"112013","400","6","2","1150391","1150392","0","0","0","0","0","0","0","0","0","0","0","0","0","0","0","0","0"
"112085","400","6","3","1163560","0","0","0","0","0","0","0","0","1984","0","0","0","0","0","1","0","0","0"
"111962","400","7","1","1149032","1149631","1149632","0","0","0","0","0","0","0","0","0","0","0","0","0","0","0","0"
"112007","400","7","2","1149222","0","0","0","0","0","0","0","0","0","0","0","0","0","0","1","0","0","0"
"112003","400","8","0","1149217","1149654","1149655","0","0","0","0","0","0","0","0","0","0","0","0","0","0","0","0"
"112043","400","8","1","1151099","1151160","1151161","0","0","0","0","0","0","1962","0","0","2","0","0","0","0","0","0"
"112216","400","8","2","1155090","0","0","0","0","0","0","0","0","0","0","0","0","0","0","1","0","0","0"
"112036","400","9","1","1150117","1150118","1150119","1150120","1150121","0","0","0","0","0","0","0","0","0","0","0","0","0","0"
"112000","400","10","1","1149206","0","0","0","0","0","0","0","0","0","0","0","0","0","0","1","0","0","0"
"26900","409","0","0","61682","61683","0","0","0","0","0","0","0","0","0","0","0","0","0","0","0","0","0"
"26901","409","0","1","61685","0","0","0","0","0","0","0","0","0","0","0","0","0","0","1","0","3179210","1610612736"
"26902","409","0","2","61686","61687","61688","0","0","0","0","0","0","0","0","0","0","0","0","0","0","0","0"
"26903","409","0","3","61689","61690","0","0","0","0","0","0","0","0","0","0","0","0","0","0","0","0","0"
"26904","409","1","0","53182","53183","53184","0","0","0","0","0","0","0","0","0","0","0","0","0","0","0","0"
"26905","409","1","1","19596","0","0","0","0","0","0","0","0","0","0","0","0","0","0","0","0","0","0"
"26906","409","1","2","53481","53482","0","0","0","0","0","0","0","26902","0","0","2","0","0","0","0","0","0"
"26907","409","1","3","53175","53176","0","0","0","0","0","0","0","26903","0","0","1","0","0","0","0","0","0"
"26908","409","2","0","61680","61681","52858","0","0","0","0","0","0","0","0","0","0","0","0","0","0","0","0"
"26909","409","2","1","53178","53179","0","0","0","0","0","0","0","0","0","0","0","0","0","0","0","0","0"
"26910","409","2","2","53409","53411","0","0","0","0","0","0","0","0","0","0","0","0","0","0","0","0","0"
"26911","409","2","3","63900","0","0","0","0","0","0","0","0","0","0","0","0","0","0","1","0","0","0"
"26912","409","3","2","53450","53451","0","0","0","0","0","0","0","0","0","0","0","0","0","0","0","0","0"
"26913","409","3","3","53427","53429","53430","0","0","0","0","0","0","0","0","0","2","0","0","0","0","0","0"
"26914","409","4","0","53478","0","0","0","0","0","0","0","0","0","0","0","0","0","0","1","0","0","0"
"26915","409","4","1","53477","0","0","0","0","0","0","0","0","26909","0","0","1","0","0","1","0","0","0"
"26916","409","4","2","53480","0","0","0","0","0","0","0","0","26912","0","0","1","0","0","1","0","0","0"
"26917","409","4","3","53476","0","0","0","0","0","0","0","0","0","0","0","0","0","0","1","0","0","0"
"26918","409","5","1","62764","62765","0","0","0","0","0","0","0","0","0","0","0","0","0","0","0","0","0"
"26919","409","5","2","62758","62762","0","0","0","0","0","0","0","26916","0","0","0","0","0","0","0","0","0"
"26920","410","0","0","61682","61683","0","0","0","0","0","0","0","0","0","0","0","0","0","0","0","0","0"
"26921","410","0","1","61684","0","0","0","0","0","0","0","0","0","0","0","0","0","0","1","0","42476576","201326592"
"26922","410","0","1","23145","0","0","0","0","0","0","0","0","0","0","0","0","0","0","1","0","2064","268435456"
"26923","410","0","2","61686","61687","61688","0","0","0","0","0","0","0","0","0","0","0","0","0","0","0","0"
"26924","410","0","3","61689","61690","0","0","0","0","0","0","0","0","0","0","0","0","0","0","0","0","0"
"26925","410","1","0","53180","53181","0","0","0","0","0","0","0","0","0","0","0","0","0","0","0","0","0"
"26926","410","1","1","53186","53187","0","0","0","0","0","0","0","0","0","0","0","0","0","0","0","0","0"
"26927","410","1","2","53182","53183","53184","0","0","0","0","0","0","0","0","0","0","0","0","0","0","0","0"
"26928","410","1","3","19596","0","0","0","0","0","0","0","0","0","0","0","0","0","0","0","0","0","0"
"26929","410","2","0","61680","61681","52858","0","0","0","0","0","0","0","0","0","0","0","0","0","0","0","0"
"26930","410","2","2","53409","53411","0","0","0","0","0","0","0","0","0","0","2","0","0","0","0","0","0"
"26931","410","2","3","61685","0","0","0","0","0","0","0","0","0","0","0","0","0","0","1","0","42476576","201326592"
"26932","410","2","3","52825","0","0","0","0","0","0","0","0","0","0","0","0","0","0","1","0","2064","268435456"
"26933","410","3","1","55709","0","0","0","0","0","0","0","0","26926","0","0","1","0","0","1","0","0","0"
"26934","410","3","2","53203","53204","53205","0","0","0","0","0","0","0","0","0","2","0","0","0","0","0","0"
"26935","410","3","3","53427","53429","53430","0","0","0","0","0","0","0","0","0","0","0","0","0","0","0","0"
"26936","410","4","0","53401","0","0","0","0","0","0","0","0","0","0","0","0","0","0","1","0","0","0"
"26937","410","4","1","53426","0","0","0","0","0","0","0","0","26933","0","0","0","0","0","1","0","0","0"
"26938","410","4","2","53434","0","0","0","0","0","0","0","0","26934","0","0","2","0","0","1","0","0","0"
"26939","410","5","0","62759","62760","0","0","0","0","0","0","0","0","0","0","0","0","0","0","0","0","0"
"26940","410","5","2","62758","62762","0","0","0","0","0","0","0","26938","0","0","0","0","0","0","0","0","0"
"26941","411","0","0","61682","61683","0","0","0","0","0","0","0","0","0","0","0","0","0","0","0","0","0"
"26942","411","0","1","61684","0","0","0","0","0","0","0","0","0","0","0","0","0","0","1","0","212992","-2147483648"
"26943","411","0","1","23145","0","0","0","0","0","0","0","0","0","0","0","0","0","0","1","0","21238021","0"
"26944","411","0","2","61686","61687","61688","0","0","0","0","0","0","0","0","0","0","0","0","0","0","0","0"
"26945","411","0","3","61689","61690","0","0","0","0","0","0","0","0","0","0","0","0","0","0","0","0","0"
"26946","411","1","0","19596","0","0","0","0","0","0","0","0","0","0","0","0","0","0","0","0","0","0"
"26947","411","1","1","53483","53485","0","0","0","0","0","0","0","26942","0","0","0","0","0","0","0","212992","-2147483648"
"26948","411","1","1","53554","53555","0","0","0","0","0","0","0","26922","0","0","0","0","0","0","0","21238021","0"
"26949","411","1","2","53514","53516","0","0","0","0","0","0","0","0","0","0","0","0","0","0","0","0","0"
"26950","411","1","3","53182","53183","53184","0","0","0","0","0","0","0","0","0","2","0","0","0","0","0","0"
"26951","411","2","0","61680","61681","52858","0","0","0","0","0","0","0","0","0","0","0","0","0","0","0","0"
"26952","411","2","1","53409","53411","0","0","0","0","0","0","0","0","0","0","0","0","0","0","0","0","0"
"26953","411","2","2","54044","0","0","0","0","0","0","0","0","0","0","0","0","0","0","1","0","0","0"
"26954","411","3","1","53427","53429","53430","0","0","0","0","0","0","0","0","0","0","0","0","0","0","0","0"
"26955","411","3","2","52234","53497","0","0","0","0","0","0","0","0","0","0","0","0","0","0","0","0","0"
"26956","411","3","3","53511","53512","0","0","0","0","0","0","0","26950","0","0","2","0","0","0","0","0","0"
"26957","411","4","0","53508","0","0","0","0","0","0","0","0","0","0","0","0","0","0","1","0","0","0"
"26958","411","4","1","53517","0","0","0","0","0","0","0","0","0","0","0","1","0","0","1","0","0","0"
"26959","411","4","2","53490","0","0","0","0","0","0","0","0","26955","0","0","1","0","0","1","0","0","0"
"26960","411","4","3","53450","53451","0","0","0","0","0","0","0","0","0","0","0","0","0","0","0","0","0"
"26961","411","5","0","62758","62762","0","0","0","0","0","0","0","26957","0","0","0","0","0","0","0","0","0"
"26962","411","5","3","53480","0","0","0","0","0","0","0","0","26960","0","0","1","0","0","1","0","0","0"
"3001","450","0","0","193011","193012","193013","193014","193015","0","0","0","0","0","0","0","0","0","0","0","0","0","0"
"3003","450","0","0","193049","193050","193051","0","0","0","0","0","0","0","0","0","0","0","0","0","0","0","0"
"3006","450","0","0","192766","0","0","0","0","0","0","0","0","0","0","0","0","0","0","1","0","0","0"
"3009","450","0","0","193031","193032","193033","193034","193035","0","0","0","0","0","0","0","0","0","0","0","0","0","0"
"3011","450","0","0","192872","0","0","0","0","0","0","0","0","0","0","0","0","0","0","1","0","0","0"
"3014","450","0","0","193036","193037","193038","0","0","0","0","0","0","0","0","0","0","0","0","0","0","0","0"
"3017","450","0","0","193016","193017","193018","193019","193020","0","0","0","0","0","0","0","0","0","0","0","0","0","0"
"3019","450","0","0","193097","193098","0","0","0","0","0","0","0","0","0","0","0","0","0","1","0","0","0"
"3022","450","0","0","192771","0","0","0","0","0","0","0","0","0","0","0","0","0","0","1","0","0","0"
"3025","450","0","0","193039","193040","193041","193042","193043","0","0","0","0","0","0","0","0","0","0","0","0","0","0"
"3002","450","0","1","193026","193027","193028","193029","193030","0","0","0","0","0","0","0","0","0","0","0","0","0","0"
"3004","450","0","1","193112","193113","0","0","0","0","0","0","0","0","0","0","0","0","0","0","0","0","0"
"3007","450","0","1","193104","193105","0","0","0","0","0","0","0","0","0","0","0","0","0","1","0","0","0"
"3010","450","0","1","192949","192950","0","0","0","0","0","0","0","0","0","0","0","0","0","0","0","0","0"
"3012","450","0","1","192951","192952","0","0","0","0","0","0","0","0","0","0","0","0","0","0","0","0","0"
"3015","450","0","1","193099","193100","193101","193102","193103","0","0","0","0","0","0","0","0","0","0","0","0","0","0"
"3018","450","0","1","192775","0","0","0","0","0","0","0","0","0","0","0","0","0","0","1","0","0","0"
"3020","450","0","1","193095","193096","0","0","0","0","0","0","0","0","0","0","0","0","0","1","0","0","0"
"3023","450","0","1","193021","193022","193023","193024","193025","0","0","0","0","0","0","0","0","0","0","0","0","0","0"
"3026","450","0","1","192953","192954","192955","0","0","0","0","0","0","0","0","0","0","0","0","0","0","0","0"
"3028","450","0","1","193203","0","0","0","0","0","0","0","0","0","0","0","0","0","0","1","0","0","0"
"3005","450","0","2","193044","193045","193046","193047","193048","0","0","0","0","0","0","0","0","0","0","0","0","0","0"
"3008","450","0","2","193404","193405","193406","193407","193408","0","0","0","0","0","0","0","0","0","0","0","0","0","0"
"3013","450","0","2","192944","192945","192946","192947","192948","0","0","0","0","0","0","0","0","0","0","0","0","0","0"
"3016","450","0","2","193401","193402","193403","0","0","0","0","0","0","0","0","0","0","0","0","0","0","0","0"
"3021","450","0","2","192775","0","0","0","0","0","0","0","0","0","0","0","0","0","0","1","0","0","0"
"3024","450","0","2","193092","193093","193094","0","0","0","0","0","0","0","0","0","0","0","0","0","0","0","0"
"3027","450","0","2","193089","193090","0","0","0","0","0","0","0","0","0","0","0","0","0","0","0","0","0"
"3029","451","0","0","192902","192903","192904","192905","192906","0","0","0","0","0","0","0","0","0","0","0","0","0","0"
"3032","451","0","0","192910","192911","192912","0","0","0","0","0","0","0","0","0","0","0","0","0","0","0","0"
"3035","451","0","0","192913","192914","192915","192916","0","0","0","0","0","0","0","0","0","0","0","0","0","0","0"
"3038","451","0","0","192917","192918","192919","0","0","0","0","0","0","0","0","0","0","0","0","0","0","0","0"
"3040","451","0","0","192832","0","0","0","0","0","0","0","0","0","0","0","0","0","0","1","0","0","0"
"3043","451","0","0","192907","192908","192909","0","0","0","0","0","0","0","0","0","0","0","0","0","0","0","0"
"3045","451","0","0","192830","0","0","0","0","0","0","0","0","0","0","0","0","0","0","1","0","0","0"
"3047","451","0","0","192991","192992","192993","192994","192995","0","0","0","0","0","0","0","0","0","0","0","0","0","0"
"3049","451","0","0","192996","192997","192998","0","0","0","0","0","0","0","0","0","0","0","0","0","0","0","0"
"3051","451","0","0","193384","193385","193386","0","0","0","0","0","0","0","0","0","0","0","0","0","0","0","0"
"3030","451","0","1","192958","192959","192960","0","0","0","0","0","0","0","0","0","0","0","0","0","0","0","0"
"3033","451","0","1","192956","192957","0","0","0","0","0","0","0","0","0","0","0","0","0","0","0","0","0"
"3036","451","0","1","193388","193390","0","0","0","0","0","0","0","0","0","0","0","0","0","0","0","0","0"
"3039","451","0","1","192920","192921","192922","192923","192924","0","0","0","0","0","0","0","0","0","0","0","0","0","0"
"3041","451","0","1","193052","193053","0","0","0","0","0","0","0","0","0","0","0","0","0","0","0","0","0"
"3044","451","0","1","192925","192926","192927","192928","192929","0","0","0","0","0","0","0","0","0","0","0","0","0","0"
"3046","451","0","1","192987","192989","192990","0","0","0","0","0","0","0","0","0","0","0","0","0","0","0","0"
"3048","451","0","1","193106","193107","193108","0","0","0","0","0","0","0","0","0","0","0","0","0","0","0","0"
"3050","451","0","1","193109","193110","0","0","0","0","0","0","0","0","0","0","0","0","0","0","0","0","0"
"3052","451","0","1","193387","0","0","0","0","0","0","0","0","0","0","0","0","0","0","1","0","0","0"
"3054","451","0","1","193376","0","0","0","0","0","0","0","0","0","0","0","0","0","0","1","0","0","0"
"3031","451","0","2","193392","193393","193394","193395","193396","0","0","0","0","0","0","0","0","0","0","0","0","0","0"
"3034","451","0","2","192763","0","0","0","0","0","0","0","0","0","0","0","0","0","0","1","0","0","0"
"3042","451","0","2","192961","192962","192963","192964","192965","0","0","0","0","0","0","0","0","0","0","0","0","0","0"
"3053","451","0","2","192966","192967","0","0","0","0","0","0","0","0","0","0","0","0","0","0","0","0","0"
"3037","451","0","3","192831","0","0","0","0","0","0","0","0","0","0","0","0","0","0","1","0","0","0"
"3055","452","0","0","192930","192931","192932","192933","192934","0","0","0","0","0","0","0","0","0","0","0","0","0","0"
"3057","452","0","0","192978","192980","192981","0","0","0","0","0","0","0","0","0","0","0","0","0","0","0","0"
"3059","452","0","0","192764","0","0","0","0","0","0","0","0","0","0","0","0","0","0","1","0","0","0"
"3062","452","0","0","192976","192977","0","0","0","0","0","0","0","0","0","0","0","0","0","0","0","0","0"
"3065","452","0","0","192941","192942","192943","0","0","0","0","0","0","0","0","0","0","0","0","0","0","0","0"
"3068","452","0","0","193006","193007","193008","193009","193010","0","0","0","0","0","0","0","0","0","0","0","0","0","0"
"3071","452","0","0","192938","192939","192940","0","0","0","0","0","0","0","0","0","0","0","0","0","0","0","0"
"3073","452","0","0","192982","192983","192984","192985","192986","0","0","0","0","0","0","0","0","0","0","0","0","0","0"
"3056","452","0","1","192968","192969","192970","0","0","0","0","0","0","0","0","0","0","0","0","0","0","0","0"
"3058","452","0","1","192971","192972","192973","0","0","0","0","0","0","0","0","0","0","0","0","0","0","0","0"
"3060","452","0","1","192935","192936","192937","193356","193357","0","0","0","0","0","0","0","0","0","0","0","0","0","0"
"3063","452","0","1","192999","193000","0","0","0","0","0","0","0","0","0","0","0","0","0","0","0","0","0"
"3066","452","0","1","193371","193372","193373","193374","193375","0","0","0","0","0","0","0","0","0","0","0","0","0","0"
"3069","452","0","1","192852","0","0","0","0","0","0","0","0","0","0","0","0","0","0","1","0","0","0"
"3074","452","0","1","193361","193362","193363","193364","193365","0","0","0","0","0","0","0","0","0","0","0","0","0","0"
"3078","452","0","1","193366","193367","193368","193369","193370","0","0","0","0","0","0","0","0","0","0","0","0","0","0"
"3079","452","0","1","192770","0","0","0","0","0","0","0","0","0","0","0","0","0","0","1","0","0","0"
"3061","452","0","2","192974","192975","0","0","0","0","0","0","0","0","0","0","0","0","0","0","0","0","0"
"3064","452","0","2","192839","0","0","0","0","0","0","0","0","0","0","0","0","0","0","1","0","0","0"
"3067","452","0","2","192844","0","0","0","0","0","0","0","0","0","0","0","0","0","0","1","0","0","0"
"3070","452","0","2","193001","193002","193003","193004","193005","0","0","0","0","0","0","0","0","0","0","0","0","0","0"
"3072","452","0","2","193125","193126","193127","0","0","0","0","0","0","0","0","0","0","0","0","0","0","0","0"
"3075","452","0","2","193358","0","0","0","0","0","0","0","0","0","0","0","0","0","0","1","0","0","0"
"3076","452","0","2","192772","0","0","0","0","0","0","0","0","0","0","0","0","0","0","1","0","0","0"
"3077","452","0","3","193122","193123","193124","0","0","0","0","0","0","0","0","0","0","0","0","1","0","0","0"
"50001","1410","0","0","1161682","1161683","0","0","0","0","0","0","0","0","0","0","0","0","0","0","0","0","0"
"50002","1410","0","1","1161684","0","0","0","0","0","0","0","0","0","0","0","0","0","0","1","0","42476576","201326592"
"50003","1410","0","1","1123145","0","0","0","0","0","0","0","0","0","0","0","0","0","0","1","0","2064","268435456"
"50004","1410","0","2","1161686","1161687","1161688","0","0","0","0","0","0","0","0","0","0","0","0","0","0","0","0"
"50005","1410","0","3","1161689","1161690","0","0","0","0","0","0","0","0","0","0","0","0","0","0","0","0","0"
"50006","1410","1","0","1153180","1153181","0","0","0","0","0","0","0","0","0","0","0","0","0","0","0","0","0"
"50007","1410","1","1","1153186","1153187","0","0","0","0","0","0","0","0","0","0","0","0","0","0","0","0","0"
"50008","1410","1","2","1153182","1153183","1153184","0","0","0","0","0","0","0","0","0","0","0","0","0","0","0","0"
"50009","1410","1","3","1119596","0","0","0","0","0","0","0","0","0","0","0","0","0","0","0","0","0","0"
"50011","1410","2","0","1161680","1161681","1152858","0","0","0","0","0","0","0","0","0","0","0","0","0","0","0","0"
"50012","1410","2","2","1153409","1153411","0","0","0","0","0","0","0","0","0","0","2","0","0","0","0","0","0"
"50013","1410","2","3","1161685","0","0","0","0","0","0","0","0","0","0","0","0","0","0","1","0","42476576","201326592"
"50014","1410","2","3","1152825","0","0","0","0","0","0","0","0","0","0","0","0","0","0","1","0","2064","268435456"
"50015","1410","3","1","1155709","0","0","0","0","0","0","0","0","50006","0","0","1","0","0","1","0","0","0"
"50016","1410","3","2","1153203","1153204","53205","0","0","0","0","0","0","0","0","0","2","0","0","0","0","0","0"
"50017","1410","3","3","1153427","1153429","53430","0","0","0","0","0","0","0","0","0","0","0","0","0","0","0","0"
"50018","1410","4","0","1153401","0","0","0","0","0","0","0","0","0","0","0","0","0","0","1","0","0","0"
"50019","1410","4","1","1153426","0","0","0","0","0","0","0","0","50013","0","0","0","0","0","1","0","0","0"
"50020","1410","4","2","1153434","0","0","0","0","0","0","0","0","50014","0","0","2","0","0","1","0","0","0"
"50021","1410","5","0","1162759","1162760","0","0","0","0","0","0","0","0","0","0","0","0","0","0","0","0","0"
"50022","1410","5","2","1162758","1162762","0","0","0","0","0","0","0","50018","0","0","0","0","0","0","0","0","0"
